<?xml version="1.0" encoding="utf-8"?>
<?xml-stylesheet type='text/xsl' href='../../rpt.xslt'?>
<CONTRIBUTIONDISCLOSURE>
  <filerType>L</filerType>
  <organizationName>BOB LAWRENCE &amp; ASSOCIATES, INC.</organizationName>
  <lobbyistPrefix>Mr.</lobbyistPrefix>
  <lobbyistFirstName>JAMES</lobbyistFirstName>
  <lobbyistMiddleName>ALBERT</lobbyistMiddleName>
  <lobbyistLastName>GOLDWATER</lobbyistLastName>
  <lobbyistSuffix>
  </lobbyistSuffix>
  <contactPrefix>
  </contactPrefix>
  <contactName>
  </contactName>
  <senateRegID>22280</senateRegID>
  <houseRegID>32266</houseRegID>
  <reportYear>2019</reportYear>
  <reportType>YY</reportType>
  <amendment>False</amendment>
  <comments>
  </comments>
  <signedDate>7/7/2019 3:00:24 PM</signedDate>
  <certifiedcontent>true</certifiedcontent>
  <noContributions>true</noContributions>
  <pacs>
  </pacs>
  <contributions>
  </contributions>
</CONTRIBUTIONDISCLOSURE>