<?xml version="1.0" encoding="utf-8"?>
<?xml-stylesheet type='text/xsl' href='../../rpt.xslt'?>
<CONTRIBUTIONDISCLOSURE>
  <filerType>L</filerType>
  <organizationName>Mr. Edward Rissing</organizationName>
  <lobbyistPrefix>Mr.</lobbyistPrefix>
  <lobbyistFirstName>Edward</lobbyistFirstName>
  <lobbyistMiddleName>William</lobbyistMiddleName>
  <lobbyistLastName>Rissing</lobbyistLastName>
  <lobbyistSuffix>
  </lobbyistSuffix>
  <address2>
  </address2>
  <contactPrefix>
  </contactPrefix>
  <contactName>
  </contactName>
  <senateRegID>71792</senateRegID>
  <houseRegID>35837</houseRegID>
  <reportYear>2019</reportYear>
  <reportType>YY</reportType>
  <amendment>False</amendment>
  <comments>rny</comments>
  <signedDate>1/16/2019 4:21:29 PM</signedDate>
  <certifiedcontent>true</certifiedcontent>
  <noContributions>true</noContributions>
  <pacs>
  </pacs>
  <contributions>
  </contributions>
</CONTRIBUTIONDISCLOSURE>