<?xml version="1.0" encoding="utf-8"?>
<?xml-stylesheet type='text/xsl' href='../../rpt.xslt'?>
<CONTRIBUTIONDISCLOSURE>
  <filerType>L</filerType>
  <organizationName>Hooper, Lundy &amp; Bookman, P.C.</organizationName>
  <lobbyistPrefix>Mr.</lobbyistPrefix>
  <lobbyistFirstName>Keith</lobbyistFirstName>
  <lobbyistMiddleName>
  </lobbyistMiddleName>
  <lobbyistLastName>Fontenot</lobbyistLastName>
  <lobbyistSuffix>
  </lobbyistSuffix>
  <zipext>
  </zipext>
  <contactPrefix>
  </contactPrefix>
  <contactName>
  </contactName>
  <senateRegID>401020884</senateRegID>
  <houseRegID>42207</houseRegID>
  <reportYear>2019</reportYear>
  <reportType>YY</reportType>
  <amendment>False</amendment>
  <comments>
  </comments>
  <signedDate>1/23/2019 2:50:37 PM</signedDate>
  <certifiedcontent>true</certifiedcontent>
  <noContributions>true</noContributions>
  <pacs>
  </pacs>
  <contributions>
  </contributions>
</CONTRIBUTIONDISCLOSURE>