<?xml version="1.0" encoding="utf-8"?>
<?xml-stylesheet type='text/xsl' href='../../rpt.xslt'?>
<CONTRIBUTIONDISCLOSURE>
  <filerType>L</filerType>
  <organizationName>Michael Best Strategies LLC</organizationName>
  <lobbyistPrefix>Ms.</lobbyistPrefix>
  <lobbyistFirstName>Anne</lobbyistFirstName>
  <lobbyistMiddleName>C</lobbyistMiddleName>
  <lobbyistLastName>Canfield</lobbyistLastName>
  <lobbyistSuffix>
  </lobbyistSuffix>
  <address2>
  </address2>
  <zipext>
  </zipext>
  <contactPrefix>
  </contactPrefix>
  <contactName>
  </contactName>
  <senateRegID>401103565</senateRegID>
  <houseRegID>42841</houseRegID>
  <reportYear>2019</reportYear>
  <reportType>YY</reportType>
  <amendment>False</amendment>
  <comments>
  </comments>
  <signedDate>7/17/2019 11:06:04 AM</signedDate>
  <certifiedcontent>true</certifiedcontent>
  <noContributions>false</noContributions>
  <pacs>
  </pacs>
  <contributions>
    <contribution>
      <type>FECA</type>
      <contributorName>Self</contributorName>
      <payeeName>Becchi for Congress</payeeName>
      <recipientName>Rosemary Becchi</recipientName>
      <amount>500.00</amount>
      <date>07/16/2019</date>
    </contribution>
  </contributions>
</CONTRIBUTIONDISCLOSURE>