<?xml version="1.0" encoding="utf-8"?>
<?xml-stylesheet type='text/xsl' href='../../rpt.xslt'?>
<CONTRIBUTIONDISCLOSURE>
  <filerType>L</filerType>
  <organizationName>Twenty-First Century Group, Inc.</organizationName>
  <lobbyistPrefix>Ms.</lobbyistPrefix>
  <lobbyistFirstName>Jocelyn</lobbyistFirstName>
  <lobbyistMiddleName>Hong</lobbyistMiddleName>
  <lobbyistLastName>Lowe</lobbyistLastName>
  <lobbyistSuffix>
  </lobbyistSuffix>
  <address2>
  </address2>
  <zipext>
  </zipext>
  <contactPrefix>
  </contactPrefix>
  <contactName>
  </contactName>
  <senateRegID>38687</senateRegID>
  <houseRegID>33675</houseRegID>
  <reportYear>2019</reportYear>
  <reportType>YY</reportType>
  <amendment>False</amendment>
  <comments>
  </comments>
  <signedDate>7/19/2019 2:05:02 PM</signedDate>
  <certifiedcontent>true</certifiedcontent>
  <noContributions>false</noContributions>
  <pacs>
  </pacs>
  <contributions>
    <contribution>
      <type>FECA</type>
      <contributorName>Self</contributorName>
      <payeeName>McCaul for Congress</payeeName>
      <recipientName>Mike McCaul</recipientName>
      <amount>500.00</amount>
      <date>07/19/2019</date>
    </contribution>
    <contribution>
      <type>FECA</type>
      <contributorName>Self</contributorName>
      <payeeName>Aspire PAC</payeeName>
      <recipientName>Grace Meng</recipientName>
      <amount>250.00</amount>
      <date>07/19/2019</date>
    </contribution>
  </contributions>
</CONTRIBUTIONDISCLOSURE>