<?xml version="1.0" encoding="utf-8"?>
<?xml-stylesheet type='text/xsl' href='../../rpt.xslt'?>
<CONTRIBUTIONDISCLOSURE>
  <filerType>O</filerType>
  <organizationName>Mr. Edward Merlis</organizationName>
  <lobbyistPrefix>
  </lobbyistPrefix>
  <lobbyistFirstName>
  </lobbyistFirstName>
  <lobbyistMiddleName>
  </lobbyistMiddleName>
  <lobbyistLastName>
  </lobbyistLastName>
  <lobbyistSuffix>
  </lobbyistSuffix>
  <lobbyistID>
  </lobbyistID>
  <address2>
  </address2>
  <zipext>
  </zipext>
  <contactName>Edward Merlis</contactName>
  <senateRegID>400447142</senateRegID>
  <houseRegID>40887</houseRegID>
  <reportYear>2019</reportYear>
  <reportType>YY</reportType>
  <amendment>False</amendment>
  <comments>
  </comments>
  <signedDate>12/31/2019 3:41:10 PM</signedDate>
  <certifiedcontent>true</certifiedcontent>
  <noContributions>false</noContributions>
  <pacs>
  </pacs>
  <contributions>
    <contribution>
      <type>FECA</type>
      <contributorName>Self</contributorName>
      <payeeName>Amy McGrath for Senate</payeeName>
      <recipientName>Amy McGrath</recipientName>
      <amount>500.00</amount>
      <date>09/21/2019</date>
    </contribution>
  </contributions>
</CONTRIBUTIONDISCLOSURE>