<?xml version="1.0" encoding="utf-8"?>
<?xml-stylesheet type='text/xsl' href='../../rpt.xslt'?>
<CONTRIBUTIONDISCLOSURE>
  <filerType>L</filerType>
  <organizationName>Warwick Group Consultants, LLC</organizationName>
  <lobbyistPrefix>Mr.</lobbyistPrefix>
  <lobbyistFirstName>Howard</lobbyistFirstName>
  <lobbyistMiddleName>
  </lobbyistMiddleName>
  <lobbyistLastName>Marlowe</lobbyistLastName>
  <lobbyistSuffix>
  </lobbyistSuffix>
  <zipext>
  </zipext>
  <contactPrefix>
  </contactPrefix>
  <contactName>
  </contactName>
  <senateRegID>401103619</senateRegID>
  <houseRegID>42899</houseRegID>
  <reportYear>2019</reportYear>
  <reportType>YY</reportType>
  <amendment>False</amendment>
  <comments>
  </comments>
  <signedDate>11/21/2019 4:35:43 PM</signedDate>
  <certifiedcontent>true</certifiedcontent>
  <noContributions>false</noContributions>
  <pacs>
  </pacs>
  <contributions>
    <contribution>
      <type>FECA</type>
      <contributorName>Self</contributorName>
      <payeeName>Buddy Carter for Congress</payeeName>
      <recipientName>Buddy Carter</recipientName>
      <amount>250.00</amount>
      <date>10/19/2019</date>
    </contribution>
  </contributions>
</CONTRIBUTIONDISCLOSURE>