<?xml version="1.0" encoding="utf-8"?>
<?xml-stylesheet type='text/xsl' href='../../rpt.xslt'?>
<CONTRIBUTIONDISCLOSURE>
  <filerType>O</filerType>
  <organizationName>OWENS-ILLINOIS, INC</organizationName>
  <lobbyistPrefix>
  </lobbyistPrefix>
  <lobbyistFirstName>
  </lobbyistFirstName>
  <lobbyistMiddleName>
  </lobbyistMiddleName>
  <lobbyistLastName>
  </lobbyistLastName>
  <lobbyistSuffix>
  </lobbyistSuffix>
  <lobbyistID>
  </lobbyistID>
  <zipext>
  </zipext>
  <contactName>Brenda Corr</contactName>
  <senateRegID>49646</senateRegID>
  <houseRegID>34623</houseRegID>
  <reportYear>2019</reportYear>
  <reportType>YY</reportType>
  <amendment>False</amendment>
  <comments>
  </comments>
  <signedDate>9/5/2019 11:42:32 AM</signedDate>
  <certifiedcontent>true</certifiedcontent>
  <noContributions>false</noContributions>
  <pacs>
    <pac>
      <name>Owens-Illinois, Inc. Employees Good Citizenship Fund</name>
    </pac>
  </pacs>
  <contributions>
    <contribution>
      <type>FECA</type>
      <contributorName>Owens-Illinois, Inc. Employees Good Citizenship Fund</contributorName>
      <payeeName>Friends of Schumer</payeeName>
      <recipientName>Charles Schumer</recipientName>
      <amount>2500.00</amount>
      <date>08/01/2019</date>
    </contribution>
  </contributions>
</CONTRIBUTIONDISCLOSURE>