<?xml version="1.0" encoding="utf-8"?>
<?xml-stylesheet type='text/xsl' href='../../rpt.xslt'?>
<CONTRIBUTIONDISCLOSURE>
  <filerType>L</filerType>
  <organizationName>National Ocean Industries Association</organizationName>
  <lobbyistPrefix>Mr.</lobbyistPrefix>
  <lobbyistFirstName>Timothy</lobbyistFirstName>
  <lobbyistMiddleName>Tyler</lobbyistMiddleName>
  <lobbyistLastName>Charters</lobbyistLastName>
  <lobbyistSuffix>
  </lobbyistSuffix>
  <zipext>
  </zipext>
  <contactPrefix>
  </contactPrefix>
  <contactName>
  </contactName>
  <senateRegID>28242</senateRegID>
  <houseRegID>32448</houseRegID>
  <reportYear>2019</reportYear>
  <reportType>YY</reportType>
  <amendment>False</amendment>
  <comments>
  </comments>
  <signedDate>10/31/2019 5:07:42 PM</signedDate>
  <certifiedcontent>true</certifiedcontent>
  <noContributions>false</noContributions>
  <pacs>
    <pac>
      <name>NOIA PAC, Inc.</name>
    </pac>
  </pacs>
  <contributions>
    <contribution>
      <type>FECA</type>
      <contributorName>Self</contributorName>
      <payeeName>Lummis for Wyoming, Inc.</payeeName>
      <recipientName>Cynthia Lummis</recipientName>
      <amount>250.00</amount>
      <date>09/26/2019</date>
    </contribution>
  </contributions>
</CONTRIBUTIONDISCLOSURE>