<?xml version="1.0" encoding="utf-8"?>
<?xml-stylesheet type='text/xsl' href='../../rpt.xslt'?>
<CONTRIBUTIONDISCLOSURE>
  <filerType>L</filerType>
  <organizationName>National Association of Realtors</organizationName>
  <lobbyistPrefix>Mr.</lobbyistPrefix>
  <lobbyistFirstName>Evan</lobbyistFirstName>
  <lobbyistMiddleName>M.</lobbyistMiddleName>
  <lobbyistLastName>Liddiard</lobbyistLastName>
  <lobbyistSuffix>
  </lobbyistSuffix>
  <address2>
  </address2>
  <zipext>
  </zipext>
  <contactPrefix>
  </contactPrefix>
  <contactName>
  </contactName>
  <senateRegID>27070</senateRegID>
  <houseRegID>31733</houseRegID>
  <reportYear>2019</reportYear>
  <reportType>YY</reportType>
  <amendment>False</amendment>
  <comments>
  </comments>
  <signedDate>12/23/2019 2:25:46 PM</signedDate>
  <certifiedcontent>true</certifiedcontent>
  <noContributions>false</noContributions>
  <pacs>
  </pacs>
  <contributions>
    <contribution>
      <type>FECA</type>
      <contributorName>Self</contributorName>
      <payeeName>Rosemary Becchi For Congress</payeeName>
      <recipientName>Rosemary Becchi</recipientName>
      <amount>250.00</amount>
      <date>08/30/2019</date>
    </contribution>
  </contributions>
</CONTRIBUTIONDISCLOSURE>