<?xml version="1.0" encoding="utf-8"?>
<?xml-stylesheet type='text/xsl' href='../../rpt.xslt'?>
<CONTRIBUTIONDISCLOSURE>
  <filerType>L</filerType>
  <organizationName>King &amp; Spalding LLP</organizationName>
  <lobbyistPrefix>Ms.</lobbyistPrefix>
  <lobbyistFirstName>Jeannine</lobbyistFirstName>
  <lobbyistMiddleName>M</lobbyistMiddleName>
  <lobbyistLastName>Bender</lobbyistLastName>
  <lobbyistSuffix>
  </lobbyistSuffix>
  <address2>
  </address2>
  <zipext>
  </zipext>
  <contactPrefix>
  </contactPrefix>
  <contactName>
  </contactName>
  <senateRegID>21632</senateRegID>
  <houseRegID>30750</houseRegID>
  <reportYear>2019</reportYear>
  <reportType>YY</reportType>
  <amendment>False</amendment>
  <comments>
  </comments>
  <signedDate>11/1/2019 4:53:21 PM</signedDate>
  <certifiedcontent>true</certifiedcontent>
  <noContributions>false</noContributions>
  <pacs>
  </pacs>
  <contributions>
    <contribution>
      <type>FECA</type>
      <contributorName>Self</contributorName>
      <payeeName>NRCC</payeeName>
      <recipientName>NRCC</recipientName>
      <amount>100.00</amount>
      <date>07/14/2019</date>
    </contribution>
    <contribution>
      <type>FECA</type>
      <contributorName>Self</contributorName>
      <payeeName>NRCC</payeeName>
      <recipientName>NRCC</recipientName>
      <amount>100.00</amount>
      <date>10/22/2019</date>
    </contribution>
    <contribution>
      <type>FECA</type>
      <contributorName>Self</contributorName>
      <payeeName>NRCC</payeeName>
      <recipientName>NRCC</recipientName>
      <amount>400.00</amount>
      <date>11/01/2019</date>
    </contribution>
  </contributions>
</CONTRIBUTIONDISCLOSURE>