<?xml version="1.0" encoding="utf-8"?>
<?xml-stylesheet type='text/xsl' href='../../rpt.xslt'?>
<CONTRIBUTIONDISCLOSURE>
  <filerType>L</filerType>
  <organizationName>ALPINE GROUP, INC.</organizationName>
  <lobbyistPrefix>Mr.</lobbyistPrefix>
  <lobbyistFirstName>JAMES</lobbyistFirstName>
  <lobbyistMiddleName>
  </lobbyistMiddleName>
  <lobbyistLastName>HAWKINS</lobbyistLastName>
  <lobbyistSuffix>III</lobbyistSuffix>
  <zipext>
  </zipext>
  <contactPrefix>
  </contactPrefix>
  <contactName>
  </contactName>
  <senateRegID>1171</senateRegID>
  <houseRegID>31749</houseRegID>
  <reportYear>2019</reportYear>
  <reportType>YY</reportType>
  <amendment>False</amendment>
  <comments>
  </comments>
  <signedDate>12/13/2019 11:40:29 AM</signedDate>
  <certifiedcontent>true</certifiedcontent>
  <noContributions>false</noContributions>
  <pacs>
  </pacs>
  <contributions>
    <contribution>
      <type>FECA</type>
      <contributorName>Self</contributorName>
      <payeeName>Capito for West Virginia</payeeName>
      <recipientName>Senator Capito</recipientName>
      <amount>1000.00</amount>
      <date>11/20/2019</date>
    </contribution>
    <contribution>
      <type>FECA</type>
      <contributorName>Self</contributorName>
      <payeeName>Families for James Lankford</payeeName>
      <recipientName>Senator Lankford</recipientName>
      <amount>500.00</amount>
      <date>12/11/2019</date>
    </contribution>
  </contributions>
</CONTRIBUTIONDISCLOSURE>