<?xml version="1.0" encoding="utf-8"?>
<?xml-stylesheet type='text/xsl' href='../../rpt.xslt'?>
<CONTRIBUTIONDISCLOSURE>
  <filerType>L</filerType>
  <organizationName>Cassidy &amp; Associates, Inc.</organizationName>
  <lobbyistPrefix>Mrs.</lobbyistPrefix>
  <lobbyistFirstName>Susann</lobbyistFirstName>
  <lobbyistMiddleName>M.</lobbyistMiddleName>
  <lobbyistLastName>Edwards</lobbyistLastName>
  <lobbyistSuffix>
  </lobbyistSuffix>
  <address2>
  </address2>
  <zipext>
  </zipext>
  <contactPrefix>
  </contactPrefix>
  <contactName>
  </contactName>
  <senateRegID>8453</senateRegID>
  <houseRegID>30223</houseRegID>
  <reportYear>2019</reportYear>
  <reportType>YY</reportType>
  <amendment>False</amendment>
  <comments>
  </comments>
  <signedDate>12/12/2019 12:47:44 PM</signedDate>
  <certifiedcontent>true</certifiedcontent>
  <noContributions>false</noContributions>
  <pacs>
  </pacs>
  <contributions>
    <contribution>
      <type>FECA</type>
      <contributorName>Self</contributorName>
      <payeeName>Van Drew for Congress</payeeName>
      <recipientName>Congressman Van Drew</recipientName>
      <amount>500.00</amount>
      <date>09/09/2019</date>
    </contribution>
    <contribution>
      <type>FECA</type>
      <contributorName>Self</contributorName>
      <payeeName>DCCC</payeeName>
      <recipientName>Democratic Women of Congress- Women Lead</recipientName>
      <amount>250.00</amount>
      <date>09/19/2019</date>
    </contribution>
    <contribution>
      <type>FECA</type>
      <contributorName>Self</contributorName>
      <payeeName>Anna Eshoo for Congress</payeeName>
      <recipientName>Congresswoman Anna Eshoo</recipientName>
      <amount>250.00</amount>
      <date>10/18/2019</date>
    </contribution>
    <contribution>
      <type>FECA</type>
      <contributorName>Self</contributorName>
      <payeeName>DeFazio for Congress</payeeName>
      <recipientName>Congressman Peter DeFazio</recipientName>
      <amount>250.00</amount>
      <date>10/29/2019</date>
    </contribution>
    <contribution>
      <type>FECA</type>
      <contributorName>Self</contributorName>
      <payeeName>Pallone for Congress</payeeName>
      <recipientName>Congressman Frank Pallone</recipientName>
      <amount>1000.00</amount>
      <date>11/19/2019</date>
    </contribution>
    <contribution>
      <type>FECA</type>
      <contributorName>Self</contributorName>
      <payeeName>New Millennium PAC</payeeName>
      <recipientName>Senator Robert Menendez</recipientName>
      <amount>250.00</amount>
      <date>12/12/2019</date>
    </contribution>
  </contributions>
</CONTRIBUTIONDISCLOSURE>