<?xml version="1.0" encoding="utf-8"?>
<?xml-stylesheet type='text/xsl' href='../../rpt.xslt'?>
<CONTRIBUTIONDISCLOSURE>
  <filerType>O</filerType>
  <organizationName>International Association of Sheet Metal, Air, Rail &amp; Transportation Workers</organizationName>
  <lobbyistPrefix>
  </lobbyistPrefix>
  <lobbyistFirstName>
  </lobbyistFirstName>
  <lobbyistMiddleName>
  </lobbyistMiddleName>
  <lobbyistLastName>
  </lobbyistLastName>
  <lobbyistSuffix>
  </lobbyistSuffix>
  <lobbyistID>
  </lobbyistID>
  <zipext>
  </zipext>
  <contactName>Steve Dodd</contactName>
  <senateRegID>35070</senateRegID>
  <houseRegID>31690</houseRegID>
  <reportYear>2019</reportYear>
  <reportType>YY</reportType>
  <amendment>False</amendment>
  <comments>
  </comments>
  <signedDate>12/31/2019 2:14:10 PM</signedDate>
  <certifiedcontent>true</certifiedcontent>
  <noContributions>false</noContributions>
  <pacs>
    <pac>
      <name>Int'l  Assoc. of Sheet Metal, Air, Rail and Transportation</name>
    </pac>
  </pacs>
  <contributions>
    <contribution>
      <type>FECA</type>
      <contributorName>Int'l  Assoc. of Sheet Metal, Air, Rail and Transportation</contributorName>
      <payeeName>Adam Schiff for congress</payeeName>
      <recipientName>Adam Schiff</recipientName>
      <amount>4000.00</amount>
      <date>8/23/2019</date>
    </contribution>
    <contribution>
      <type>FECA</type>
      <contributorName>Int'l  Assoc. of Sheet Metal, Air, Rail and Transportation</contributorName>
      <payeeName>Adriano Espaillat for Congress</payeeName>
      <recipientName>Adriano Espaillat</recipientName>
      <amount>2500.00</amount>
      <date>7/16/2019</date>
    </contribution>
    <contribution>
      <type>FECA</type>
      <contributorName>Int'l  Assoc. of Sheet Metal, Air, Rail and Transportation</contributorName>
      <payeeName>Al Lawson for congress</payeeName>
      <recipientName>Al Lawson</recipientName>
      <amount>2500.00</amount>
      <date>8/22/2019</date>
    </contribution>
    <contribution>
      <type>FECA</type>
      <contributorName>Int'l  Assoc. of Sheet Metal, Air, Rail and Transportation</contributorName>
      <payeeName>Albio Sires for Congress</payeeName>
      <recipientName>Albio Sires </recipientName>
      <amount>2500.00</amount>
      <date>10/11/2019</date>
    </contribution>
    <contribution>
      <type>FECA</type>
      <contributorName>Int'l  Assoc. of Sheet Metal, Air, Rail and Transportation</contributorName>
      <payeeName>Albio Sires for Congress </payeeName>
      <recipientName>Albio Sires</recipientName>
      <amount>2500.00</amount>
      <date>11/1/2019</date>
    </contribution>
    <contribution>
      <type>FECA</type>
      <contributorName>Int'l  Assoc. of Sheet Metal, Air, Rail and Transportation</contributorName>
      <payeeName>Andre Carson for Congress</payeeName>
      <recipientName>Andre Carson</recipientName>
      <amount>5000.00</amount>
      <date>7/17/2019</date>
    </contribution>
    <contribution>
      <type>FECA</type>
      <contributorName>Int'l  Assoc. of Sheet Metal, Air, Rail and Transportation</contributorName>
      <payeeName>Andy Kim for congress</payeeName>
      <recipientName>Andy Kim</recipientName>
      <amount>2500.00</amount>
      <date>8/23/2019</date>
    </contribution>
    <contribution>
      <type>FECA</type>
      <contributorName>Int'l  Assoc. of Sheet Metal, Air, Rail and Transportation</contributorName>
      <payeeName>Andy Levin for Congress</payeeName>
      <recipientName>Andy Levin</recipientName>
      <amount>5000.00</amount>
      <date>9/26/2019</date>
    </contribution>
    <contribution>
      <type>FECA</type>
      <contributorName>Int'l  Assoc. of Sheet Metal, Air, Rail and Transportation</contributorName>
      <payeeName>Ann Kirkpatrick for congress</payeeName>
      <recipientName>Ann Kirkpatrick</recipientName>
      <amount>1000.00</amount>
      <date>11/26/2019</date>
    </contribution>
    <contribution>
      <type>FECA</type>
      <contributorName>Int'l  Assoc. of Sheet Metal, Air, Rail and Transportation</contributorName>
      <payeeName>Anthony Brindisi for congress</payeeName>
      <recipientName>Anthony Brindisi</recipientName>
      <amount>2500.00</amount>
      <date>12/16/2019</date>
    </contribution>
    <contribution>
      <type>FECA</type>
      <contributorName>Int'l  Assoc. of Sheet Metal, Air, Rail and Transportation</contributorName>
      <payeeName>Anthony Brown for congress</payeeName>
      <recipientName>Anthony Brown</recipientName>
      <amount>2500.00</amount>
      <date>7/17/2019</date>
    </contribution>
    <contribution>
      <type>FECA</type>
      <contributorName>Int'l  Assoc. of Sheet Metal, Air, Rail and Transportation</contributorName>
      <payeeName>Arizona democratic party</payeeName>
      <recipientName>Arizona democratic party </recipientName>
      <amount>5000.00</amount>
      <date>10/25/2019</date>
    </contribution>
    <contribution>
      <type>FECA</type>
      <contributorName>Int'l  Assoc. of Sheet Metal, Air, Rail and Transportation</contributorName>
      <payeeName>Barbara bollier for senate</payeeName>
      <recipientName>Barbara bollier</recipientName>
      <amount>2500.00</amount>
      <date>11/7/2019</date>
    </contribution>
    <contribution>
      <type>FECA</type>
      <contributorName>Int'l  Assoc. of Sheet Metal, Air, Rail and Transportation</contributorName>
      <payeeName>Barbara lee for congress</payeeName>
      <recipientName>Barbara lee </recipientName>
      <amount>1000.00</amount>
      <date>10/11/2019</date>
    </contribution>
    <contribution>
      <type>FECA</type>
      <contributorName>Int'l  Assoc. of Sheet Metal, Air, Rail and Transportation</contributorName>
      <payeeName>ben mcadams for congress</payeeName>
      <recipientName>ben mcadams</recipientName>
      <amount>3000.00</amount>
      <date>11/26/2019</date>
    </contribution>
    <contribution>
      <type>FECA</type>
      <contributorName>Int'l  Assoc. of Sheet Metal, Air, Rail and Transportation</contributorName>
      <payeeName>ben ray lujan for congress</payeeName>
      <recipientName>ben ray lujan</recipientName>
      <amount>2500.00</amount>
      <date>9/11/2019</date>
    </contribution>
    <contribution>
      <type>FECA</type>
      <contributorName>Int'l  Assoc. of Sheet Metal, Air, Rail and Transportation</contributorName>
      <payeeName>blue majority pac</payeeName>
      <recipientName>mark pocan for congress</recipientName>
      <amount>5000.00</amount>
      <date>9/26/2019</date>
    </contribution>
    <contribution>
      <type>FECA</type>
      <contributorName>Int'l  Assoc. of Sheet Metal, Air, Rail and Transportation</contributorName>
      <payeeName>brad Schneider for congress</payeeName>
      <recipientName>brad schneider</recipientName>
      <amount>2500.00</amount>
      <date>11/1/2019</date>
    </contribution>
    <contribution>
      <type>FECA</type>
      <contributorName>Int'l  Assoc. of Sheet Metal, Air, Rail and Transportation</contributorName>
      <payeeName>brad Sherman for congress</payeeName>
      <recipientName>brad Sherman </recipientName>
      <amount>2500.00</amount>
      <date>7/17/2019</date>
    </contribution>
    <contribution>
      <type>FECA</type>
      <contributorName>Int'l  Assoc. of Sheet Metal, Air, Rail and Transportation</contributorName>
      <payeeName>brian Higgins for congress</payeeName>
      <recipientName>brian higgins</recipientName>
      <amount>5000.00</amount>
      <date>7/8/2019</date>
    </contribution>
    <contribution>
      <type>FECA</type>
      <contributorName>Int'l  Assoc. of Sheet Metal, Air, Rail and Transportation</contributorName>
      <payeeName>brian Higgins for congress</payeeName>
      <recipientName>brian higgins</recipientName>
      <amount>2500.00</amount>
      <date>10/25/2019</date>
    </contribution>
    <contribution>
      <type>FECA</type>
      <contributorName>Int'l  Assoc. of Sheet Metal, Air, Rail and Transportation</contributorName>
      <payeeName>bringing America together  pac</payeeName>
      <recipientName>brian Fitzpatrick for congress</recipientName>
      <amount>4000.00</amount>
      <date>12/16/2019</date>
    </contribution>
    <contribution>
      <type>FECA</type>
      <contributorName>Int'l  Assoc. of Sheet Metal, Air, Rail and Transportation</contributorName>
      <payeeName>CA luv PAC</payeeName>
      <recipientName>pete aguilar for congress</recipientName>
      <amount>5000.00</amount>
      <date>11/8/2019</date>
    </contribution>
    <contribution>
      <type>FECA</type>
      <contributorName>Int'l  Assoc. of Sheet Metal, Air, Rail and Transportation</contributorName>
      <payeeName>Carolyn bourdeaux for congress</payeeName>
      <recipientName>Carolyn bourdeaux</recipientName>
      <amount>2500.00</amount>
      <date>8/23/2019</date>
    </contribution>
    <contribution>
      <type>FECA</type>
      <contributorName>Int'l  Assoc. of Sheet Metal, Air, Rail and Transportation</contributorName>
      <payeeName>chc/bold pac</payeeName>
      <recipientName>chc/bold pac</recipientName>
      <amount>5000.00</amount>
      <date>10/11/2019</date>
    </contribution>
    <contribution>
      <type>FECA</type>
      <contributorName>Int'l  Assoc. of Sheet Metal, Air, Rail and Transportation</contributorName>
      <payeeName>Christina hale for congress</payeeName>
      <recipientName>Christina hale</recipientName>
      <amount>5000.00</amount>
      <date>8/22/2019</date>
    </contribution>
    <contribution>
      <type>FECA</type>
      <contributorName>Int'l  Assoc. of Sheet Metal, Air, Rail and Transportation</contributorName>
      <payeeName>cindy axne for congress</payeeName>
      <recipientName>cinday axne</recipientName>
      <amount>2500.00</amount>
      <date>9/26/2019</date>
    </contribution>
    <contribution>
      <type>FECA</type>
      <contributorName>Int'l  Assoc. of Sheet Metal, Air, Rail and Transportation</contributorName>
      <payeeName>cindy axne for congress</payeeName>
      <recipientName>cindy axne</recipientName>
      <amount>1500.00</amount>
      <date>11/26/2019</date>
    </contribution>
    <contribution>
      <type>FECA</type>
      <contributorName>Int'l  Assoc. of Sheet Metal, Air, Rail and Transportation</contributorName>
      <payeeName>cleanpac</payeeName>
      <recipientName>congressman jared huffman</recipientName>
      <amount>2500.00</amount>
      <date>11/8/2019</date>
    </contribution>
    <contribution>
      <type>FECA</type>
      <contributorName>Int'l  Assoc. of Sheet Metal, Air, Rail and Transportation</contributorName>
      <payeeName>committee for a livable future</payeeName>
      <recipientName>congressman earl blummenhauer</recipientName>
      <amount>2500.00</amount>
      <date>12/16/2019</date>
    </contribution>
    <contribution>
      <type>FECA</type>
      <contributorName>Int'l  Assoc. of Sheet Metal, Air, Rail and Transportation</contributorName>
      <payeeName>community pac</payeeName>
      <recipientName>congressman hank johnson</recipientName>
      <amount>5000.00</amount>
      <date>11/8/2019</date>
    </contribution>
    <contribution>
      <type>FECA</type>
      <contributorName>Int'l  Assoc. of Sheet Metal, Air, Rail and Transportation</contributorName>
      <payeeName>danny davis for congress</payeeName>
      <recipientName>danny davis</recipientName>
      <amount>2500.00</amount>
      <date>11/8/2019</date>
    </contribution>
    <contribution>
      <type>FECA</type>
      <contributorName>Int'l  Assoc. of Sheet Metal, Air, Rail and Transportation</contributorName>
      <payeeName>DBM pac</payeeName>
      <recipientName>Congressman david mckinley</recipientName>
      <amount>2500.00</amount>
      <date>9/11/2019</date>
    </contribution>
    <contribution>
      <type>FECA</type>
      <contributorName>Int'l  Assoc. of Sheet Metal, Air, Rail and Transportation</contributorName>
      <payeeName>Debbie Dingell for congress</payeeName>
      <recipientName>Debbie dingell</recipientName>
      <amount>2500.00</amount>
      <date>11/26/2019</date>
    </contribution>
    <contribution>
      <type>FECA</type>
      <contributorName>Int'l  Assoc. of Sheet Metal, Air, Rail and Transportation</contributorName>
      <payeeName>democratic congressional campaign committee</payeeName>
      <recipientName>democratic congressional campaign committee</recipientName>
      <amount>10000.00</amount>
      <date>10/25/2019</date>
    </contribution>
    <contribution>
      <type>FECA</type>
      <contributorName>Int'l  Assoc. of Sheet Metal, Air, Rail and Transportation</contributorName>
      <payeeName>democratic party of hawaii</payeeName>
      <recipientName>democratic party of hawaii</recipientName>
      <amount>5000.00</amount>
      <date>11/7/2019</date>
    </contribution>
    <contribution>
      <type>FECA</type>
      <contributorName>Int'l  Assoc. of Sheet Metal, Air, Rail and Transportation</contributorName>
      <payeeName>Donald Norcross for congress</payeeName>
      <recipientName>Donald norcrosss</recipientName>
      <amount>2500.00</amount>
      <date>9/11/2019</date>
    </contribution>
    <contribution>
      <type>FECA</type>
      <contributorName>Int'l  Assoc. of Sheet Metal, Air, Rail and Transportation</contributorName>
      <payeeName>dutch ruppersberger for congress</payeeName>
      <recipientName>dutch ruppersberger</recipientName>
      <amount>5000.00</amount>
      <date>7/26/2019</date>
    </contribution>
    <contribution>
      <type>FECA</type>
      <contributorName>Int'l  Assoc. of Sheet Metal, Air, Rail and Transportation</contributorName>
      <payeeName>ed case for congress</payeeName>
      <recipientName>ed case
</recipientName>
      <amount>2500.00</amount>
      <date>7/16/2019</date>
    </contribution>
    <contribution>
      <type>FECA</type>
      <contributorName>Int'l  Assoc. of Sheet Metal, Air, Rail and Transportation</contributorName>
      <payeeName>ed Perlmutter for congress</payeeName>
      <recipientName>ed perlmutter</recipientName>
      <amount>4000.00</amount>
      <date>7/17/2019</date>
    </contribution>
    <contribution>
      <type>FECA</type>
      <contributorName>Int'l  Assoc. of Sheet Metal, Air, Rail and Transportation</contributorName>
      <payeeName>eliot Engel for congress</payeeName>
      <recipientName>eliot Engel
</recipientName>
      <amount>2500.00</amount>
      <date>9/11/2019</date>
    </contribution>
    <contribution>
      <type>FECA</type>
      <contributorName>Int'l  Assoc. of Sheet Metal, Air, Rail and Transportation</contributorName>
      <payeeName>elissa slotkin for congress</payeeName>
      <recipientName>elissa slotkin</recipientName>
      <amount>2500.00</amount>
      <date>10/11/2019</date>
    </contribution>
    <contribution>
      <type>FECA</type>
      <contributorName>Int'l  Assoc. of Sheet Metal, Air, Rail and Transportation</contributorName>
      <payeeName>emilys list </payeeName>
      <recipientName>cong Xochitl torres small nm 2nd</recipientName>
      <amount>25000.00</amount>
      <date>12/16/2019</date>
    </contribution>
    <contribution>
      <type>FECA</type>
      <contributorName>Int'l  Assoc. of Sheet Metal, Air, Rail and Transportation</contributorName>
      <payeeName>Eric swalwell for congress</payeeName>
      <recipientName>eric swalwell
</recipientName>
      <amount>5000.00</amount>
      <date>8/23/2019</date>
    </contribution>
    <contribution>
      <type>FECA</type>
      <contributorName>Int'l  Assoc. of Sheet Metal, Air, Rail and Transportation</contributorName>
      <payeeName>fair shot pac</payeeName>
      <recipientName>cong Katherine clark
</recipientName>
      <amount>2500.00</amount>
      <date>12/16/2019</date>
    </contribution>
    <contribution>
      <type>FECA</type>
      <contributorName>Int'l  Assoc. of Sheet Metal, Air, Rail and Transportation</contributorName>
      <payeeName>frank Pallone for congress</payeeName>
      <recipientName>frank Pallone
</recipientName>
      <amount>2500.00</amount>
      <date>8/23/2019</date>
    </contribution>
    <contribution>
      <type>FECA</type>
      <contributorName>Int'l  Assoc. of Sheet Metal, Air, Rail and Transportation</contributorName>
      <payeeName>Frederica Wilson for congress</payeeName>
      <recipientName>Frederica Wilson </recipientName>
      <amount>2500.00</amount>
      <date>12/16/2019</date>
    </contribution>
    <contribution>
      <type>FECA</type>
      <contributorName>Int'l  Assoc. of Sheet Metal, Air, Rail and Transportation</contributorName>
      <payeeName>gary peters for congress</payeeName>
      <recipientName>gary peters
</recipientName>
      <amount>2500.00</amount>
      <date>8/1/2019</date>
    </contribution>
    <contribution>
      <type>FECA</type>
      <contributorName>Int'l  Assoc. of Sheet Metal, Air, Rail and Transportation</contributorName>
      <payeeName>gina Ortiz jones for congress</payeeName>
      <recipientName>gina Ortiz jones</recipientName>
      <amount>2500.00</amount>
      <date>12/16/2019</date>
    </contribution>
    <contribution>
      <type>FECA</type>
      <contributorName>Int'l  Assoc. of Sheet Metal, Air, Rail and Transportation</contributorName>
      <payeeName>greg meeks for congress</payeeName>
      <recipientName>greg meeks</recipientName>
      <amount>2500.00</amount>
      <date>9/11/2019</date>
    </contribution>
    <contribution>
      <type>FECA</type>
      <contributorName>Int'l  Assoc. of Sheet Metal, Air, Rail and Transportation</contributorName>
      <payeeName>greg stanton for congress</payeeName>
      <recipientName>greg stanton</recipientName>
      <amount>2500.00</amount>
      <date>11/26/2019</date>
    </contribution>
    <contribution>
      <type>FECA</type>
      <contributorName>Int'l  Assoc. of Sheet Metal, Air, Rail and Transportation</contributorName>
      <payeeName>gregorio killi Camacho Sablan for congress</payeeName>
      <recipientName>gregorio killi Camacho Sablan </recipientName>
      <amount>2500.00</amount>
      <date>7/16/2019</date>
    </contribution>
    <contribution>
      <type>FECA</type>
      <contributorName>Int'l  Assoc. of Sheet Metal, Air, Rail and Transportation</contributorName>
      <payeeName>Gwen moore for congress</payeeName>
      <recipientName>Gwen moore</recipientName>
      <amount>5000.00</amount>
      <date>7/17/2019</date>
    </contribution>
    <contribution>
      <type>FECA</type>
      <contributorName>Int'l  Assoc. of Sheet Metal, Air, Rail and Transportation</contributorName>
      <payeeName>hakeem Jeffries for congress</payeeName>
      <recipientName>kakeem jeffries</recipientName>
      <amount>2500.00</amount>
      <date>11/15/2019</date>
    </contribution>
    <contribution>
      <type>FECA</type>
      <contributorName>Int'l  Assoc. of Sheet Metal, Air, Rail and Transportation</contributorName>
      <payeeName>haley stevens forcongress
</payeeName>
      <recipientName>haley stevens</recipientName>
      <amount>1000.00</amount>
      <date>11/8/2019</date>
    </contribution>
    <contribution>
      <type>FECA</type>
      <contributorName>Int'l  Assoc. of Sheet Metal, Air, Rail and Transportation</contributorName>
      <payeeName>hank Johnson for congress
</payeeName>
      <recipientName>hank Johnson 
</recipientName>
      <amount>2500.00</amount>
      <date>10/11/2019</date>
    </contribution>
    <contribution>
      <type>FECA</type>
      <contributorName>Int'l  Assoc. of Sheet Metal, Air, Rail and Transportation</contributorName>
      <payeeName>hiral tipirneni for congress</payeeName>
      <recipientName>hiral tipirneni</recipientName>
      <amount>2500.00</amount>
      <date>8/23/2019</date>
    </contribution>
    <contribution>
      <type>FECA</type>
      <contributorName>Int'l  Assoc. of Sheet Metal, Air, Rail and Transportation</contributorName>
      <payeeName>James Clyburn for congress</payeeName>
      <recipientName>James clyburn</recipientName>
      <amount>2500.00</amount>
      <date>11/7/2019</date>
    </contribution>
    <contribution>
      <type>FECA</type>
      <contributorName>Int'l  Assoc. of Sheet Metal, Air, Rail and Transportation</contributorName>
      <payeeName>Jamie raskin for congress</payeeName>
      <recipientName>Jamie raskin</recipientName>
      <amount>2500.00</amount>
      <date>9/26/2019</date>
    </contribution>
    <contribution>
      <type>FECA</type>
      <contributorName>Int'l  Assoc. of Sheet Metal, Air, Rail and Transportation</contributorName>
      <payeeName>jan Schakowsky for congress</payeeName>
      <recipientName>jan schakowsky</recipientName>
      <amount>2500.00</amount>
      <date>8/23/2019</date>
    </contribution>
    <contribution>
      <type>FECA</type>
      <contributorName>Int'l  Assoc. of Sheet Metal, Air, Rail and Transportation</contributorName>
      <payeeName>jared Huffman for congress</payeeName>
      <recipientName>jared Huffman </recipientName>
      <amount>2000.00</amount>
      <date>11/1/2019</date>
    </contribution>
    <contribution>
      <type>FECA</type>
      <contributorName>Int'l  Assoc. of Sheet Metal, Air, Rail and Transportation</contributorName>
      <payeeName>jason crow for congress</payeeName>
      <recipientName>Jason crow</recipientName>
      <amount>3000.00</amount>
      <date>11/26/2019</date>
    </contribution>
    <contribution>
      <type>FECA</type>
      <contributorName>Int'l  Assoc. of Sheet Metal, Air, Rail and Transportation</contributorName>
      <payeeName>Jennifer wexton for congress</payeeName>
      <recipientName>Jennifer wexton</recipientName>
      <amount>3000.00</amount>
      <date>11/26/2019</date>
    </contribution>
    <contribution>
      <type>FECA</type>
      <contributorName>Int'l  Assoc. of Sheet Metal, Air, Rail and Transportation</contributorName>
      <payeeName>jerry mcnerney for congress</payeeName>
      <recipientName>jerry mcnerney</recipientName>
      <amount>1000.00</amount>
      <date>10/11/2019</date>
    </contribution>
    <contribution>
      <type>FECA</type>
      <contributorName>Int'l  Assoc. of Sheet Metal, Air, Rail and Transportation</contributorName>
      <payeeName>jerry mcnerney for congress</payeeName>
      <recipientName>jerry mcnerney</recipientName>
      <amount>2500.00</amount>
      <date>11/1/2019</date>
    </contribution>
    <contribution>
      <type>FECA</type>
      <contributorName>Int'l  Assoc. of Sheet Metal, Air, Rail and Transportation</contributorName>
      <payeeName>jim langevin for congress</payeeName>
      <recipientName>jim langevin</recipientName>
      <amount>2500.00</amount>
      <date>11/15/2019</date>
    </contribution>
    <contribution>
      <type>FECA</type>
      <contributorName>Int'l  Assoc. of Sheet Metal, Air, Rail and Transportation</contributorName>
      <payeeName>jim McGovern for congress</payeeName>
      <recipientName>jim mxgovern</recipientName>
      <amount>3000.00</amount>
      <date>11/8/2019</date>
    </contribution>
    <contribution>
      <type>FECA</type>
      <contributorName>Int'l  Assoc. of Sheet Metal, Air, Rail and Transportation</contributorName>
      <payeeName>jimmy panetta for congress</payeeName>
      <recipientName>jimmy panetta</recipientName>
      <amount>5000.00</amount>
      <date>8/23/2019</date>
    </contribution>
    <contribution>
      <type>FECA</type>
      <contributorName>Int'l  Assoc. of Sheet Metal, Air, Rail and Transportation</contributorName>
      <payeeName>joaquin castro for congress</payeeName>
      <recipientName>joaquin castro</recipientName>
      <amount>2500.00</amount>
      <date>11/8/2019</date>
    </contribution>
    <contribution>
      <type>FECA</type>
      <contributorName>Int'l  Assoc. of Sheet Metal, Air, Rail and Transportation</contributorName>
      <payeeName>joe morelle for congress</payeeName>
      <recipientName>joe morelle </recipientName>
      <amount>2500.00</amount>
      <date>9/26/2019</date>
    </contribution>
    <contribution>
      <type>FECA</type>
      <contributorName>Int'l  Assoc. of Sheet Metal, Air, Rail and Transportation</contributorName>
      <payeeName>john Garamendi for congress</payeeName>
      <recipientName>john garamendi</recipientName>
      <amount>1000.00</amount>
      <date>10/11/2019</date>
    </contribution>
    <contribution>
      <type>FECA</type>
      <contributorName>Int'l  Assoc. of Sheet Metal, Air, Rail and Transportation</contributorName>
      <payeeName>john Garamendi for congress</payeeName>
      <recipientName>john garamendi</recipientName>
      <amount>2500.00</amount>
      <date>12/16/2019</date>
    </contribution>
    <contribution>
      <type>FECA</type>
      <contributorName>Int'l  Assoc. of Sheet Metal, Air, Rail and Transportation</contributorName>
      <payeeName>john Yarmuth for congress</payeeName>
      <recipientName>john Yarmuth </recipientName>
      <amount>2500.00</amount>
      <date>10/11/2019</date>
    </contribution>
    <contribution>
      <type>FECA</type>
      <contributorName>Int'l  Assoc. of Sheet Metal, Air, Rail and Transportation</contributorName>
      <payeeName>josh gottheimer for congress</payeeName>
      <recipientName>josh gottheimer </recipientName>
      <amount>2500.00</amount>
      <date>11/26/2019</date>
    </contribution>
    <contribution>
      <type>FECA</type>
      <contributorName>Int'l  Assoc. of Sheet Metal, Air, Rail and Transportation</contributorName>
      <payeeName>josh harder for congress</payeeName>
      <recipientName>josh harder</recipientName>
      <amount>5000.00</amount>
      <date>8/23/2019</date>
    </contribution>
    <contribution>
      <type>FECA</type>
      <contributorName>Int'l  Assoc. of Sheet Metal, Air, Rail and Transportation</contributorName>
      <payeeName>juan vargas for congress</payeeName>
      <recipientName>juan vargas</recipientName>
      <amount>2500.00</amount>
      <date>10/11/2019</date>
    </contribution>
    <contribution>
      <type>FECA</type>
      <contributorName>Int'l  Assoc. of Sheet Metal, Air, Rail and Transportation</contributorName>
      <payeeName>judy chu for congress</payeeName>
      <recipientName>judy chu </recipientName>
      <amount>5000.00</amount>
      <date>7/26/2019</date>
    </contribution>
    <contribution>
      <type>FECA</type>
      <contributorName>Int'l  Assoc. of Sheet Metal, Air, Rail and Transportation</contributorName>
      <payeeName>Julia brownley for congress</payeeName>
      <recipientName>Julia brownley</recipientName>
      <amount>3000.00</amount>
      <date>7/17/2019</date>
    </contribution>
    <contribution>
      <type>FECA</type>
      <contributorName>Int'l  Assoc. of Sheet Metal, Air, Rail and Transportation</contributorName>
      <payeeName>Julia pac</payeeName>
      <recipientName>Julia brownley for congress</recipientName>
      <amount>2500.00</amount>
      <date>11/15/2019</date>
    </contribution>
    <contribution>
      <type>FECA</type>
      <contributorName>Int'l  Assoc. of Sheet Metal, Air, Rail and Transportation</contributorName>
      <payeeName>karen bass for congress</payeeName>
      <recipientName>karen bass</recipientName>
      <amount>4000.00</amount>
      <date>7/17/2019</date>
    </contribution>
    <contribution>
      <type>FECA</type>
      <contributorName>Int'l  Assoc. of Sheet Metal, Air, Rail and Transportation</contributorName>
      <payeeName>kim schrier for congress</payeeName>
      <recipientName>kim schrier</recipientName>
      <amount>2500.00</amount>
      <date>7/17/2019</date>
    </contribution>
    <contribution>
      <type>FECA</type>
      <contributorName>Int'l  Assoc. of Sheet Metal, Air, Rail and Transportation</contributorName>
      <payeeName>kim schrier for congress</payeeName>
      <recipientName>kim schrier
</recipientName>
      <amount>2500.00</amount>
      <date>8/22/2019</date>
    </contribution>
    <contribution>
      <type>FECA</type>
      <contributorName>Int'l  Assoc. of Sheet Metal, Air, Rail and Transportation</contributorName>
      <payeeName>Lauren underwood for congress</payeeName>
      <recipientName>lauren underwoodd</recipientName>
      <amount>2000.00</amount>
      <date>8/23/2019</date>
    </contribution>
    <contribution>
      <type>FECA</type>
      <contributorName>Int'l  Assoc. of Sheet Metal, Air, Rail and Transportation</contributorName>
      <payeeName>lois frankel for congress</payeeName>
      <recipientName>lois frankel</recipientName>
      <amount>2500.00</amount>
      <date>9/26/2019</date>
    </contribution>
    <contribution>
      <type>FECA</type>
      <contributorName>Int'l  Assoc. of Sheet Metal, Air, Rail and Transportation</contributorName>
      <payeeName>Lucille Roybal allard for congress</payeeName>
      <recipientName>Lucille roybal allard</recipientName>
      <amount>2500.00</amount>
      <date>7/16/2019</date>
    </contribution>
    <contribution>
      <type>FECA</type>
      <contributorName>Int'l  Assoc. of Sheet Metal, Air, Rail and Transportation</contributorName>
      <payeeName>mark desaulnier for congress</payeeName>
      <recipientName>mark deaulnier</recipientName>
      <amount>5000.00</amount>
      <date>8/23/2019</date>
    </contribution>
    <contribution>
      <type>FECA</type>
      <contributorName>Int'l  Assoc. of Sheet Metal, Air, Rail and Transportation</contributorName>
      <payeeName>mark desaulnier for congress</payeeName>
      <recipientName>mark desaulnier</recipientName>
      <amount>1000.00</amount>
      <date>10/11/2019</date>
    </contribution>
    <contribution>
      <type>FECA</type>
      <contributorName>Int'l  Assoc. of Sheet Metal, Air, Rail and Transportation</contributorName>
      <payeeName>matt cartwright for congress</payeeName>
      <recipientName>matt cartwright</recipientName>
      <amount>2500.00</amount>
      <date>12/16/2019</date>
    </contribution>
    <contribution>
      <type>FECA</type>
      <contributorName>Int'l  Assoc. of Sheet Metal, Air, Rail and Transportation</contributorName>
      <payeeName>mike Levin for congress</payeeName>
      <recipientName>mike levin</recipientName>
      <amount>2500.00</amount>
      <date>11/26/2019</date>
    </contribution>
    <contribution>
      <type>FECA</type>
      <contributorName>Int'l  Assoc. of Sheet Metal, Air, Rail and Transportation</contributorName>
      <payeeName>mike Quigley for congress</payeeName>
      <recipientName>mike Quigley
</recipientName>
      <amount>2500.00</amount>
      <date>7/16/2019</date>
    </contribution>
    <contribution>
      <type>FECA</type>
      <contributorName>Int'l  Assoc. of Sheet Metal, Air, Rail and Transportation</contributorName>
      <payeeName>mike Quigley for congress</payeeName>
      <recipientName>mike Quigley </recipientName>
      <amount>2500.00</amount>
      <date>11/26/2019</date>
    </contribution>
    <contribution>
      <type>FECA</type>
      <contributorName>Int'l  Assoc. of Sheet Metal, Air, Rail and Transportation</contributorName>
      <payeeName>mike Thompson for congress</payeeName>
      <recipientName>mike Thompson </recipientName>
      <amount>2500.00</amount>
      <date>7/17/2019</date>
    </contribution>
    <contribution>
      <type>FECA</type>
      <contributorName>Int'l  Assoc. of Sheet Metal, Air, Rail and Transportation</contributorName>
      <payeeName>mike Thompson for congress</payeeName>
      <recipientName>mike thompson</recipientName>
      <amount>5000.00</amount>
      <date>9/11/2019</date>
    </contribution>
    <contribution>
      <type>FECA</type>
      <contributorName>Int'l  Assoc. of Sheet Metal, Air, Rail and Transportation</contributorName>
      <payeeName>Nancy Pelosi for congress</payeeName>
      <recipientName>Nancy pelsoi</recipientName>
      <amount>1000.00</amount>
      <date>10/11/2019</date>
    </contribution>
    <contribution>
      <type>FECA</type>
      <contributorName>Int'l  Assoc. of Sheet Metal, Air, Rail and Transportation</contributorName>
      <payeeName>Nanette Barragan for congress</payeeName>
      <recipientName>Nanette barragan</recipientName>
      <amount>2500.00</amount>
      <date>11/15/2019</date>
    </contribution>
    <contribution>
      <type>FECA</type>
      <contributorName>Int'l  Assoc. of Sheet Metal, Air, Rail and Transportation</contributorName>
      <payeeName>new voice PAC</payeeName>
      <recipientName>congress Joyce beatty
</recipientName>
      <amount>2500.00</amount>
      <date>11/8/2019</date>
    </contribution>
    <contribution>
      <type>FECA</type>
      <contributorName>Int'l  Assoc. of Sheet Metal, Air, Rail and Transportation</contributorName>
      <payeeName>norma torres for congress</payeeName>
      <recipientName>norma torres</recipientName>
      <amount>2500.00</amount>
      <date>11/26/2019</date>
    </contribution>
    <contribution>
      <type>FECA</type>
      <contributorName>Int'l  Assoc. of Sheet Metal, Air, Rail and Transportation</contributorName>
      <payeeName>OC jobs and education pac</payeeName>
      <recipientName>congressman lou correa</recipientName>
      <amount>5000.00</amount>
      <date>7/8/2019</date>
    </contribution>
    <contribution>
      <type>FECA</type>
      <contributorName>Int'l  Assoc. of Sheet Metal, Air, Rail and Transportation</contributorName>
      <payeeName>peter welch for congress</payeeName>
      <recipientName>peter welch </recipientName>
      <amount>3000.00</amount>
      <date>11/26/2019</date>
    </contribution>
    <contribution>
      <type>FECA</type>
      <contributorName>Int'l  Assoc. of Sheet Metal, Air, Rail and Transportation</contributorName>
      <payeeName>phil arballo for congress</payeeName>
      <recipientName>phil arballo</recipientName>
      <amount>5000.00</amount>
      <date>12/16/2019</date>
    </contribution>
    <contribution>
      <type>FECA</type>
      <contributorName>Int'l  Assoc. of Sheet Metal, Air, Rail and Transportation</contributorName>
      <payeeName>prairie pac</payeeName>
      <recipientName>senator Richard durbin</recipientName>
      <amount>2500.00</amount>
      <date>10/4/2019</date>
    </contribution>
    <contribution>
      <type>FECA</type>
      <contributorName>Int'l  Assoc. of Sheet Metal, Air, Rail and Transportation</contributorName>
      <payeeName>pramila jayapal for congress</payeeName>
      <recipientName>pramila jayapal </recipientName>
      <amount>5000.00</amount>
      <date>11/8/2019</date>
    </contribution>
    <contribution>
      <type>FECA</type>
      <contributorName>Int'l  Assoc. of Sheet Metal, Air, Rail and Transportation</contributorName>
      <payeeName>progressive caucus action fund</payeeName>
      <recipientName>progressive caucus action fund</recipientName>
      <amount>15000.00</amount>
      <date>11/8/2019</date>
    </contribution>
    <contribution>
      <type>FECA</type>
      <contributorName>Int'l  Assoc. of Sheet Metal, Air, Rail and Transportation</contributorName>
      <payeeName>Raja PAC</payeeName>
      <recipientName>cong raja krishnamoorthi</recipientName>
      <amount>2500.00</amount>
      <date>11/8/2019</date>
    </contribution>
    <contribution>
      <type>FECA</type>
      <contributorName>Int'l  Assoc. of Sheet Metal, Air, Rail and Transportation</contributorName>
      <payeeName>rita hart for congress</payeeName>
      <recipientName>rita hart</recipientName>
      <amount>2500.00</amount>
      <date>8/22/2019</date>
    </contribution>
    <contribution>
      <type>FECA</type>
      <contributorName>Int'l  Assoc. of Sheet Metal, Air, Rail and Transportation</contributorName>
      <payeeName>rosa DeLauro for congress</payeeName>
      <recipientName>rosa DeLauro </recipientName>
      <amount>2500.00</amount>
      <date>12/16/2019</date>
    </contribution>
    <contribution>
      <type>FECA</type>
      <contributorName>Int'l  Assoc. of Sheet Metal, Air, Rail and Transportation</contributorName>
      <payeeName>ruben Gallego fro congress</payeeName>
      <recipientName>ruben gallego</recipientName>
      <amount>3000.00</amount>
      <date>12/16/2019</date>
    </contribution>
    <contribution>
      <type>FECA</type>
      <contributorName>Int'l  Assoc. of Sheet Metal, Air, Rail and Transportation</contributorName>
      <payeeName>sara Gideon for senate</payeeName>
      <recipientName>sara gideon</recipientName>
      <amount>2500.00</amount>
      <date>9/26/2019</date>
    </contribution>
    <contribution>
      <type>FECA</type>
      <contributorName>Int'l  Assoc. of Sheet Metal, Air, Rail and Transportation</contributorName>
      <payeeName>Secure PAC</payeeName>
      <recipientName>Cong Bennie Thompson</recipientName>
      <amount>2500.00</amount>
      <date>10/25/2019</date>
    </contribution>
    <contribution>
      <type>FECA</type>
      <contributorName>Int'l  Assoc. of Sheet Metal, Air, Rail and Transportation</contributorName>
      <payeeName>Sharice davids for congress</payeeName>
      <recipientName>Sharice davids</recipientName>
      <amount>1000.00</amount>
      <date>9/26/2019</date>
    </contribution>
    <contribution>
      <type>FECA</type>
      <contributorName>Int'l  Assoc. of Sheet Metal, Air, Rail and Transportation</contributorName>
      <payeeName>smart solutions pac</payeeName>
      <recipientName>senator Jacky rosen</recipientName>
      <amount>2500.00</amount>
      <date>7/16/2019</date>
    </contribution>
    <contribution>
      <type>FECA</type>
      <contributorName>Int'l  Assoc. of Sheet Metal, Air, Rail and Transportation</contributorName>
      <payeeName>spark pac</payeeName>
      <recipientName>cong abby finkenauer</recipientName>
      <amount>5000.00</amount>
      <date>10/25/2019</date>
    </contribution>
    <contribution>
      <type>FECA</type>
      <contributorName>Int'l  Assoc. of Sheet Metal, Air, Rail and Transportation</contributorName>
      <payeeName>stacey plaskett for congress</payeeName>
      <recipientName>stacey plaslett</recipientName>
      <amount>2500.00</amount>
      <date>10/11/2019</date>
    </contribution>
    <contribution>
      <type>FECA</type>
      <contributorName>Int'l  Assoc. of Sheet Metal, Air, Rail and Transportation</contributorName>
      <payeeName>susan wild for congress</payeeName>
      <recipientName>susan wild</recipientName>
      <amount>5000.00</amount>
      <date>7/16/2019</date>
    </contribution>
    <contribution>
      <type>FECA</type>
      <contributorName>Int'l  Assoc. of Sheet Metal, Air, Rail and Transportation</contributorName>
      <payeeName>Suzanne bonamici for congress</payeeName>
      <recipientName>Suzanne bonamici</recipientName>
      <amount>2500.00</amount>
      <date>7/17/2019</date>
    </contribution>
    <contribution>
      <type>FECA</type>
      <contributorName>Int'l  Assoc. of Sheet Metal, Air, Rail and Transportation</contributorName>
      <payeeName>Sylvia garica for congress</payeeName>
      <recipientName>Sylvia garcia</recipientName>
      <amount>2500.00</amount>
      <date>7/16/2019</date>
    </contribution>
    <contribution>
      <type>FECA</type>
      <contributorName>Int'l  Assoc. of Sheet Metal, Air, Rail and Transportation</contributorName>
      <payeeName>tim ryan for congress</payeeName>
      <recipientName>tim ryan</recipientName>
      <amount>2000.00</amount>
      <date>10/25/2019</date>
    </contribution>
    <contribution>
      <type>FECA</type>
      <contributorName>Int'l  Assoc. of Sheet Metal, Air, Rail and Transportation</contributorName>
      <payeeName>tj cox for congress</payeeName>
      <recipientName>tj cox</recipientName>
      <amount>5000.00</amount>
      <date>8/23/2019</date>
    </contribution>
    <contribution>
      <type>FECA</type>
      <contributorName>Int'l  Assoc. of Sheet Metal, Air, Rail and Transportation</contributorName>
      <payeeName>truedem leadership fund</payeeName>
      <recipientName>cong march kaptur</recipientName>
      <amount>5000.00</amount>
      <date>10/25/2019</date>
    </contribution>
    <contribution>
      <type>FECA</type>
      <contributorName>Int'l  Assoc. of Sheet Metal, Air, Rail and Transportation</contributorName>
      <payeeName>vincente gonzalez for congress</payeeName>
      <recipientName>vincente gonzalez</recipientName>
      <amount>2500.00</amount>
      <date>10/11/2019</date>
    </contribution>
    <contribution>
      <type>FECA</type>
      <contributorName>Int'l  Assoc. of Sheet Metal, Air, Rail and Transportation</contributorName>
      <payeeName>wolf pac</payeeName>
      <recipientName>governor tom wolf</recipientName>
      <amount>5000.00</amount>
      <date>11/15/2019</date>
    </contribution>
    <contribution>
      <type>FECA</type>
      <contributorName>Int'l  Assoc. of Sheet Metal, Air, Rail and Transportation</contributorName>
      <payeeName>Yvette Clarke for congress</payeeName>
      <recipientName>Yvette clarke</recipientName>
      <amount>2500.00</amount>
      <date>11/15/2019</date>
    </contribution>
  </contributions>
</CONTRIBUTIONDISCLOSURE>