<?xml version="1.0" encoding="utf-8"?>
<?xml-stylesheet type='text/xsl' href='../../rpt.xslt'?>
<CONTRIBUTIONDISCLOSURE>
  <filerType>L</filerType>
  <organizationName>International Association of Sheet Metal, Air, Rail &amp; Transportation Workers</organizationName>
  <lobbyistPrefix>Mr.</lobbyistPrefix>
  <lobbyistFirstName>Stephen </lobbyistFirstName>
  <lobbyistMiddleName>J.</lobbyistMiddleName>
  <lobbyistLastName>Dodd</lobbyistLastName>
  <lobbyistSuffix>
  </lobbyistSuffix>
  <zipext>
  </zipext>
  <contactPrefix>
  </contactPrefix>
  <contactName>
  </contactName>
  <senateRegID>35070</senateRegID>
  <houseRegID>31690</houseRegID>
  <reportYear>2019</reportYear>
  <reportType>YY</reportType>
  <amendment>False</amendment>
  <comments>
  </comments>
  <signedDate>12/31/2019 2:21:47 PM</signedDate>
  <certifiedcontent>true</certifiedcontent>
  <noContributions>true</noContributions>
  <pacs>
    <pac>
      <name>Int'l Assoc of Sheet Metal, Air, Rail and Trans Workers</name>
    </pac>
  </pacs>
  <contributions>
  </contributions>
</CONTRIBUTIONDISCLOSURE>