<?xml version="1.0" encoding="utf-8"?>
<?xml-stylesheet type='text/xsl' href='../../rpt.xslt'?>
<CONTRIBUTIONDISCLOSURE>
  <filerType>L</filerType>
  <organizationName>American Fed of Government Employees, AFL-CIO</organizationName>
  <lobbyistPrefix>Mr.</lobbyistPrefix>
  <lobbyistFirstName>TIMOTHY</lobbyistFirstName>
  <lobbyistMiddleName>
  </lobbyistMiddleName>
  <lobbyistLastName>SNYDER</lobbyistLastName>
  <lobbyistSuffix>
  </lobbyistSuffix>
  <address2>
  </address2>
  <zipext>
  </zipext>
  <contactPrefix>
  </contactPrefix>
  <contactName>
  </contactName>
  <senateRegID>54302</senateRegID>
  <houseRegID>30751</houseRegID>
  <reportYear>2019</reportYear>
  <reportType>YY</reportType>
  <amendment>False</amendment>
  <comments>
  </comments>
  <signedDate>1/1/2020 8:31:24 AM</signedDate>
  <certifiedcontent>true</certifiedcontent>
  <noContributions>false</noContributions>
  <pacs>
    <pac>
      <name>AFGE</name>
    </pac>
  </pacs>
  <contributions>
    <contribution>
      <type>FECA</type>
      <contributorName>Self</contributorName>
      <payeeName>Act Blue</payeeName>
      <recipientName>Amy McGrath</recipientName>
      <amount>5.00</amount>
      <date>07/09/2019</date>
    </contribution>
    <contribution>
      <type>FECA</type>
      <contributorName>Self</contributorName>
      <payeeName>Act Blue</payeeName>
      <recipientName>Amy McGrath</recipientName>
      <amount>5.00</amount>
      <date>08/09/2019</date>
    </contribution>
    <contribution>
      <type>FECA</type>
      <contributorName>Self</contributorName>
      <payeeName>Act Blue</payeeName>
      <recipientName>Amy Mcgrath</recipientName>
      <amount>5.00</amount>
      <date>09/09/2019</date>
    </contribution>
    <contribution>
      <type>FECA</type>
      <contributorName>Self</contributorName>
      <payeeName>Act Blue</payeeName>
      <recipientName>Amy McGrath</recipientName>
      <amount>5.00</amount>
      <date>10/09/2019</date>
    </contribution>
    <contribution>
      <type>FECA</type>
      <contributorName>Self</contributorName>
      <payeeName>Act Blue</payeeName>
      <recipientName>Amy McGrath</recipientName>
      <amount>5.00</amount>
      <date>11/09/2019</date>
    </contribution>
    <contribution>
      <type>FECA</type>
      <contributorName>Self</contributorName>
      <payeeName>Act Blue</payeeName>
      <recipientName>Amy McGrath</recipientName>
      <amount>5.00</amount>
      <date>12/09/2019</date>
    </contribution>
  </contributions>
</CONTRIBUTIONDISCLOSURE>