<?xml version="1.0" encoding="utf-8"?>
<?xml-stylesheet type='text/xsl' href='../../rpt.xslt'?>
<CONTRIBUTIONDISCLOSURE>
  <filerType>O</filerType>
  <organizationName>JOHN M. DOWD, PLLC</organizationName>
  <lobbyistPrefix>
  </lobbyistPrefix>
  <lobbyistFirstName>
  </lobbyistFirstName>
  <lobbyistMiddleName>
  </lobbyistMiddleName>
  <lobbyistLastName>
  </lobbyistLastName>
  <lobbyistSuffix>
  </lobbyistSuffix>
  <lobbyistID>
  </lobbyistID>
  <address2>
  </address2>
  <zipext>
  </zipext>
  <contactName>John M. Dowd</contactName>
  <senateRegID>401105269</senateRegID>
  <houseRegID>44407</houseRegID>
  <reportYear>2019</reportYear>
  <reportType>YY</reportType>
  <amendment>False</amendment>
  <comments>
  </comments>
  <signedDate>11/5/2019 11:40:02 AM</signedDate>
  <certifiedcontent>true</certifiedcontent>
  <noContributions>false</noContributions>
  <pacs>
    <pac>
      <name>Trump Victory</name>
    </pac>
  </pacs>
  <contributions>
    <contribution>
      <type>FECA</type>
      <contributorName>Self</contributorName>
      <payeeName>Tom Cotton for Senate</payeeName>
      <recipientName>Tom Cotton</recipientName>
      <amount>1000.00</amount>
      <date>9/28/2019</date>
    </contribution>
    <contribution>
      <type>FECA</type>
      <contributorName>Self</contributorName>
      <payeeName>Mitch McConnell</payeeName>
      <recipientName>Mitch McConnell</recipientName>
      <amount>2000.00</amount>
      <date>9/28/2019</date>
    </contribution>
    <contribution>
      <type>FECA</type>
      <contributorName>Self</contributorName>
      <payeeName>National Republican Campaign Committee</payeeName>
      <recipientName>?</recipientName>
      <amount>2000.00</amount>
      <date>9/25/2019</date>
    </contribution>
    <contribution>
      <type>FECA</type>
      <contributorName>Self</contributorName>
      <payeeName>National Republican Campaign Committee</payeeName>
      <recipientName>?</recipientName>
      <amount>2000.00</amount>
      <date>9/25/2019</date>
    </contribution>
    <contribution>
      <type>FECA</type>
      <contributorName>Self</contributorName>
      <payeeName>Lindsay Graham</payeeName>
      <recipientName>Lindsay Graham</recipientName>
      <amount>1000.00</amount>
      <date>9/28/2019</date>
    </contribution>
    <contribution>
      <type>FECA</type>
      <contributorName>Self</contributorName>
      <payeeName>Lindsay Graham</payeeName>
      <recipientName>Lindsay Graham</recipientName>
      <amount>2800.00</amount>
      <date>10/06/2019</date>
    </contribution>
    <contribution>
      <type>FECA</type>
      <contributorName>Self</contributorName>
      <payeeName>National Republican Senatorial Committee</payeeName>
      <recipientName>?</recipientName>
      <amount>2500.00</amount>
      <date>8/13/2019</date>
    </contribution>
    <contribution>
      <type>FECA</type>
      <contributorName>Self</contributorName>
      <payeeName>National Republican Cam Committee</payeeName>
      <recipientName>?</recipientName>
      <amount>1000.00</amount>
      <date>9/19/2019</date>
    </contribution>
    <contribution>
      <type>FECA</type>
      <contributorName>Self</contributorName>
      <payeeName>Trump Victory</payeeName>
      <recipientName>Donald J. Trump</recipientName>
      <amount>10000.00</amount>
      <date>10/31/2019</date>
    </contribution>
  </contributions>
</CONTRIBUTIONDISCLOSURE>