<?xml version="1.0" encoding="utf-8"?>
<?xml-stylesheet type='text/xsl' href='../../rpt.xslt'?>
<CONTRIBUTIONDISCLOSURE>
  <filerType>L</filerType>
  <organizationName>Veterans Education Success</organizationName>
  <lobbyistPrefix>Mr.</lobbyistPrefix>
  <lobbyistFirstName>Carrie</lobbyistFirstName>
  <lobbyistMiddleName>
  </lobbyistMiddleName>
  <lobbyistLastName>Wofford</lobbyistLastName>
  <lobbyistSuffix>
  </lobbyistSuffix>
  <address2>
  </address2>
  <zipext>
  </zipext>
  <contactPrefix>
  </contactPrefix>
  <contactName>
  </contactName>
  <senateRegID>401104702</senateRegID>
  <houseRegID>43864</houseRegID>
  <reportYear>2019</reportYear>
  <reportType>YY</reportType>
  <amendment>False</amendment>
  <comments>
  </comments>
  <signedDate>12/28/2019 5:57:05 PM</signedDate>
  <certifiedcontent>true</certifiedcontent>
  <noContributions>false</noContributions>
  <pacs>
    <pac>
      <name>Markey Victory Fund</name>
    </pac>
    <pac>
      <name>Sara Gideon</name>
    </pac>
    <pac>
      <name>Amy McGrath (KY)</name>
    </pac>
    <pac>
      <name>Democratic Senatorial Campaign Committee</name>
    </pac>
  </pacs>
  <contributions>
    <contribution>
      <type>FECA</type>
      <contributorName>Self</contributorName>
      <payeeName>Markey Victory Fund</payeeName>
      <recipientName>Ed Markey (D-MA)</recipientName>
      <amount>4800.00</amount>
      <date>07/25/2019</date>
    </contribution>
    <contribution>
      <type>FECA</type>
      <contributorName>Self</contributorName>
      <payeeName>Sara Gideon from Maine</payeeName>
      <recipientName>Sara Gideon</recipientName>
      <amount>1000.00</amount>
      <date>07/25/2019</date>
    </contribution>
    <contribution>
      <type>FECA</type>
      <contributorName>Self</contributorName>
      <payeeName>Amy McGrath (KY)</payeeName>
      <recipientName>Amy McGrath</recipientName>
      <amount>1000.00</amount>
      <date>12/16/2019</date>
    </contribution>
  </contributions>
</CONTRIBUTIONDISCLOSURE>