<?xml version="1.0" encoding="utf-8"?>
<?xml-stylesheet type='text/xsl' href='../../rpt.xslt'?>
<CONTRIBUTIONDISCLOSURE>
  <filerType>L</filerType>
  <organizationName>Chambers, Conlon &amp; Hartwell, LLC</organizationName>
  <lobbyistPrefix>Mr.</lobbyistPrefix>
  <lobbyistFirstName>DONALD</lobbyistFirstName>
  <lobbyistMiddleName>John</lobbyistMiddleName>
  <lobbyistLastName>NORDEN</lobbyistLastName>
  <lobbyistSuffix>
  </lobbyistSuffix>
  <contactPrefix>
  </contactPrefix>
  <contactName>
  </contactName>
  <senateRegID>8830</senateRegID>
  <houseRegID>32036</houseRegID>
  <reportYear>2019</reportYear>
  <reportType>YY</reportType>
  <amendment>False</amendment>
  <comments>
  </comments>
  <signedDate>12/23/2019 1:33:32 PM</signedDate>
  <certifiedcontent>true</certifiedcontent>
  <noContributions>false</noContributions>
  <pacs>
  </pacs>
  <contributions>
    <contribution>
      <type>FECA</type>
      <contributorName>Self</contributorName>
      <payeeName>Friends of Don Beyer</payeeName>
      <recipientName>Rep. Don Beyer (D-VA)</recipientName>
      <amount>500.00</amount>
      <date>12/05/2019</date>
    </contribution>
  </contributions>
</CONTRIBUTIONDISCLOSURE>