<?xml version="1.0" encoding="utf-8"?>
<?xml-stylesheet type='text/xsl' href='../../rpt.xslt'?>
<CONTRIBUTIONDISCLOSURE>
  <filerType>L</filerType>
  <organizationName>SPECIAL OLYMPICS, INC.</organizationName>
  <lobbyistPrefix>Mrs.</lobbyistPrefix>
  <lobbyistFirstName>Meredith</lobbyistFirstName>
  <lobbyistMiddleName>
  </lobbyistMiddleName>
  <lobbyistLastName>Ciaccia Pierce</lobbyistLastName>
  <lobbyistSuffix>
  </lobbyistSuffix>
  <address2>
  </address2>
  <zipext>
  </zipext>
  <contactPrefix>
  </contactPrefix>
  <contactName>
  </contactName>
  <senateRegID>291435</senateRegID>
  <houseRegID>37227</houseRegID>
  <reportYear>2019</reportYear>
  <reportType>YY</reportType>
  <amendment>False</amendment>
  <comments>
  </comments>
  <signedDate>12/18/2019 1:57:20 PM</signedDate>
  <certifiedcontent>true</certifiedcontent>
  <noContributions>false</noContributions>
  <pacs>
  </pacs>
  <contributions>
    <contribution>
      <type>FECA</type>
      <contributorName>Self</contributorName>
      <payeeName>Kennedy for Massachusetts</payeeName>
      <recipientName>Joe Kennedy III</recipientName>
      <amount>50.00</amount>
      <date>09/23/2019</date>
    </contribution>
    <contribution>
      <type>FECA</type>
      <contributorName>Self</contributorName>
      <payeeName>Doug Jones for Senate</payeeName>
      <recipientName>Doug Jones</recipientName>
      <amount>50.00</amount>
      <date>9/30/2019</date>
    </contribution>
    <contribution>
      <type>FECA</type>
      <contributorName>Self</contributorName>
      <payeeName>Joe Morelle for Congress</payeeName>
      <recipientName>Joe Morelle</recipientName>
      <amount>20.18</amount>
      <date>10/03/2019</date>
    </contribution>
    <contribution>
      <type>FECA</type>
      <contributorName>Self</contributorName>
      <payeeName>Mark Kelly for Senate</payeeName>
      <recipientName>Mark Kelly</recipientName>
      <amount>35.00</amount>
      <date>10/03/2019</date>
    </contribution>
    <contribution>
      <type>FECA</type>
      <contributorName>Self</contributorName>
      <payeeName>Doug Jones for Senate</payeeName>
      <recipientName>Doug Jones</recipientName>
      <amount>55.80</amount>
      <date>10/10/2019</date>
    </contribution>
    <contribution>
      <type>FECA</type>
      <contributorName>Self</contributorName>
      <payeeName>Doug Jones for Senate</payeeName>
      <recipientName>Doug Jones</recipientName>
      <amount>38.90</amount>
      <date>10/26/2019</date>
    </contribution>
    <contribution>
      <type>FECA</type>
      <contributorName>Self</contributorName>
      <payeeName>Kennedy for Massachusetts</payeeName>
      <recipientName>Joe Kennedy III</recipientName>
      <amount>45.00</amount>
      <date>11/23/19</date>
    </contribution>
    <contribution>
      <type>FECA</type>
      <contributorName>Self</contributorName>
      <payeeName>Kennedy for Massachusetts</payeeName>
      <recipientName>Joe Kennedy III</recipientName>
      <amount>50.00</amount>
      <date>11/23/19</date>
    </contribution>
    <contribution>
      <type>FECA</type>
      <contributorName>Self</contributorName>
      <payeeName>Kennedy for Massachusetts</payeeName>
      <recipientName>Joe Kennedy III</recipientName>
      <amount>50.00</amount>
      <date>12/23/2019</date>
    </contribution>
  </contributions>
</CONTRIBUTIONDISCLOSURE>