<?xml version="1.0" encoding="utf-8"?>
<?xml-stylesheet type='text/xsl' href='../../rpt.xslt'?>
<CONTRIBUTIONDISCLOSURE>
  <filerType>L</filerType>
  <organizationName>JEFFREY J. KIMBELL &amp; ASSOCIATES, INC.</organizationName>
  <lobbyistPrefix>Mr.</lobbyistPrefix>
  <lobbyistFirstName>Jeffrey</lobbyistFirstName>
  <lobbyistMiddleName>J</lobbyistMiddleName>
  <lobbyistLastName>Kimbell</lobbyistLastName>
  <lobbyistSuffix>
  </lobbyistSuffix>
  <zipext>
  </zipext>
  <contactPrefix>
  </contactPrefix>
  <contactName>
  </contactName>
  <senateRegID>46038</senateRegID>
  <houseRegID>34381</houseRegID>
  <reportYear>2019</reportYear>
  <reportType>YY</reportType>
  <amendment>False</amendment>
  <comments>
  </comments>
  <signedDate>12/19/2019 11:04:16 AM</signedDate>
  <certifiedcontent>true</certifiedcontent>
  <noContributions>false</noContributions>
  <pacs>
  </pacs>
  <contributions>
    <contribution>
      <type>FECA</type>
      <contributorName>Self</contributorName>
      <payeeName>Brady - Schweikert Victory Committee
</payeeName>
      <recipientName>Rep. Kevin Brady &amp; Rep. David Schweikert</recipientName>
      <amount>1500.00</amount>
      <date>07/10/2019</date>
    </contribution>
    <contribution>
      <type>FECA</type>
      <contributorName>Self</contributorName>
      <payeeName>21st Century Majority Fund</payeeName>
      <recipientName>Sen. Johnny Isakson</recipientName>
      <amount>2500.00</amount>
      <date>7/12/2019</date>
    </contribution>
    <contribution>
      <type>FECA</type>
      <contributorName>Self</contributorName>
      <payeeName>Steve Daines for Montana</payeeName>
      <recipientName>Sen. Steve Daines</recipientName>
      <amount>100.00</amount>
      <date>9/12/2019</date>
    </contribution>
    <contribution>
      <type>FECA</type>
      <contributorName>Self</contributorName>
      <payeeName>Steve Daines for Montana</payeeName>
      <recipientName>Sen. Steve Daines</recipientName>
      <amount>1400.00</amount>
      <date>9/12/2019</date>
    </contribution>
    <contribution>
      <type>FECA</type>
      <contributorName>Self</contributorName>
      <payeeName>Dr. Greg Murphy for Congress</payeeName>
      <recipientName>Rep. Greg Murphy</recipientName>
      <amount>500.00</amount>
      <date>10/3/2019</date>
    </contribution>
    <contribution>
      <type>FECA</type>
      <contributorName>Self</contributorName>
      <payeeName>Restoring Our Nation (RON) PAC</payeeName>
      <recipientName>Rep. Ron Estes</recipientName>
      <amount>1500.00</amount>
      <date>10/15/2019</date>
    </contribution>
    <contribution>
      <type>FECA</type>
      <contributorName>Self</contributorName>
      <payeeName>Dr. John Joyce for Congress</payeeName>
      <recipientName>Rep. John Joyce</recipientName>
      <amount>1500.00</amount>
      <date>10/15/2019</date>
    </contribution>
    <contribution>
      <type>FECA</type>
      <contributorName>Self</contributorName>
      <payeeName>Texans for Jodey Arrington</payeeName>
      <recipientName>Rep. Jodey Arrington</recipientName>
      <amount>1000.00</amount>
      <date>10/21/2019</date>
    </contribution>
    <contribution>
      <type>FECA</type>
      <contributorName>Self</contributorName>
      <payeeName>Bucshon for Congress</payeeName>
      <recipientName>Rep. Larry Bucshon</recipientName>
      <amount>1000.00</amount>
      <date>10/21/2019</date>
    </contribution>
    <contribution>
      <type>FECA</type>
      <contributorName>Self</contributorName>
      <payeeName>Valadao for Congress</payeeName>
      <recipientName>Hon. David Valadao</recipientName>
      <amount>500.00</amount>
      <date>10/28/2019</date>
    </contribution>
    <contribution>
      <type>FECA</type>
      <contributorName>Self</contributorName>
      <payeeName>Oorah! PAC</payeeName>
      <recipientName>Sen. Todd Young</recipientName>
      <amount>1000.00</amount>
      <date>10/28/2019</date>
    </contribution>
    <contribution>
      <type>FECA</type>
      <contributorName>Self</contributorName>
      <payeeName>Team Hagerty</payeeName>
      <recipientName>Mr. Bill Hagerty</recipientName>
      <amount>2800.00</amount>
      <date>11/6/2019</date>
    </contribution>
    <contribution>
      <type>FECA</type>
      <contributorName>Self</contributorName>
      <payeeName>National Republican Congressional Committee</payeeName>
      <recipientName>National Republican Congressional Committee</recipientName>
      <amount>2500.00</amount>
      <date>12/3/2019</date>
    </contribution>
    <contribution>
      <type>FECA</type>
      <contributorName>Self</contributorName>
      <payeeName>Wenstrup for Congress</payeeName>
      <recipientName>Rep. Brad Wenstrup</recipientName>
      <amount>1000.00</amount>
      <date>12/4/2019</date>
    </contribution>
    <contribution>
      <type>FECA</type>
      <contributorName>Self</contributorName>
      <payeeName>McConnell Senate Committee</payeeName>
      <recipientName>Sen. Mitch McConnell</recipientName>
      <amount>1800.00</amount>
      <date>12/17/2019</date>
    </contribution>
    <contribution>
      <type>FECA</type>
      <contributorName>Self</contributorName>
      <payeeName>McConnell Senate Committee</payeeName>
      <recipientName>Sen. Mitch McConnell</recipientName>
      <amount>2800.00</amount>
      <date>12/17/2019</date>
    </contribution>
    <contribution>
      <type>FECA</type>
      <contributorName>Self</contributorName>
      <payeeName>Hudson for Congress</payeeName>
      <recipientName>Rep. Richard Hudson</recipientName>
      <amount>2800.00</amount>
      <date>12/17/2019</date>
    </contribution>
  </contributions>
</CONTRIBUTIONDISCLOSURE>