<?xml version="1.0" encoding="utf-8"?>
<?xml-stylesheet type='text/xsl' href='../../rpt.xslt'?>
<CONTRIBUTIONDISCLOSURE>
  <filerType>L</filerType>
  <organizationName>TRANSNATIONAL STRATEGY GROUP LLC</organizationName>
  <lobbyistPrefix>Mr.</lobbyistPrefix>
  <lobbyistFirstName>Joel</lobbyistFirstName>
  <lobbyistMiddleName>Martin</lobbyistMiddleName>
  <lobbyistLastName>Rubin</lobbyistLastName>
  <lobbyistSuffix>
  </lobbyistSuffix>
  <address2>
  </address2>
  <zipext>
  </zipext>
  <contactPrefix>
  </contactPrefix>
  <contactName>
  </contactName>
  <senateRegID>401105445</senateRegID>
  <houseRegID>44580</houseRegID>
  <reportYear>2019</reportYear>
  <reportType>YY</reportType>
  <amendment>False</amendment>
  <comments>
  </comments>
  <signedDate>12/18/2019 10:10:23 AM</signedDate>
  <certifiedcontent>true</certifiedcontent>
  <noContributions>false</noContributions>
  <pacs>
  </pacs>
  <contributions>
    <contribution>
      <type>FECA</type>
      <contributorName>Self</contributorName>
      <payeeName>Van Hollen/Gideon Joint Fund 2020</payeeName>
      <recipientName>Chris Van Hollen</recipientName>
      <amount>250.00</amount>
      <date>09/26/2019</date>
    </contribution>
    <contribution>
      <type>FECA</type>
      <contributorName>Self</contributorName>
      <payeeName>Democratic Congressional Campaign Committee</payeeName>
      <recipientName>Democratic Congressional Campaign Committee</recipientName>
      <amount>1000.00</amount>
      <date>10/15/2019</date>
    </contribution>
    <contribution>
      <type>FECA</type>
      <contributorName>Self</contributorName>
      <payeeName>Jamie Raskin for Congress</payeeName>
      <recipientName>Jamie Raskin</recipientName>
      <amount>250.00</amount>
      <date>11/01/2019</date>
    </contribution>
    <contribution>
      <type>FECA</type>
      <contributorName>Self</contributorName>
      <payeeName>Friends of Raja for Congress</payeeName>
      <recipientName>Raja Krishnamoorthi</recipientName>
      <amount>250.00</amount>
      <date>11/12/2019</date>
    </contribution>
    <contribution>
      <type>FECA</type>
      <contributorName>Self</contributorName>
      <payeeName>InServiceNJ</payeeName>
      <recipientName>Tom Malinowski
Andy Kim</recipientName>
      <amount>500.00</amount>
      <date>12/04/2019</date>
    </contribution>
  </contributions>
</CONTRIBUTIONDISCLOSURE>