<?xml version="1.0" encoding="utf-8"?>
<?xml-stylesheet type='text/xsl' href='../../rpt.xslt'?>
<CONTRIBUTIONDISCLOSURE>
  <filerType>L</filerType>
  <organizationName>Waterways Council, Inc.</organizationName>
  <lobbyistPrefix>Mr.</lobbyistPrefix>
  <lobbyistFirstName>PAUL</lobbyistFirstName>
  <lobbyistMiddleName>C</lobbyistMiddleName>
  <lobbyistLastName>ROHDE</lobbyistLastName>
  <lobbyistSuffix>
  </lobbyistSuffix>
  <contactPrefix>
  </contactPrefix>
  <contactName>
  </contactName>
  <senateRegID>62357</senateRegID>
  <houseRegID>35451</houseRegID>
  <reportYear>2019</reportYear>
  <reportType>YY</reportType>
  <amendment>False</amendment>
  <comments>The 11/25 event was a contribution to a general fund for ICGA PAC, and not for a specific candidate. </comments>
  <signedDate>11/26/2019 5:03:08 PM</signedDate>
  <certifiedcontent>true</certifiedcontent>
  <noContributions>false</noContributions>
  <pacs>
    <pac>
      <name>Illinois Corn Growers Association PAC </name>
    </pac>
  </pacs>
  <contributions>
    <contribution>
      <type>Meeting Expenses</type>
      <contributorName>Self</contributorName>
      <payeeName>Paul Rohde </payeeName>
      <recipientName>ICGA PAC </recipientName>
      <amount>150.00</amount>
      <date>11/25/2019</date>
    </contribution>
  </contributions>
</CONTRIBUTIONDISCLOSURE>