<?xml version="1.0" encoding="utf-8"?>
<?xml-stylesheet type='text/xsl' href='../../rpt.xslt'?>
<CONTRIBUTIONDISCLOSURE>
  <filerType>O</filerType>
  <organizationName>Hospice Compassus</organizationName>
  <lobbyistPrefix>
  </lobbyistPrefix>
  <lobbyistFirstName>
  </lobbyistFirstName>
  <lobbyistMiddleName>
  </lobbyistMiddleName>
  <lobbyistLastName>
  </lobbyistLastName>
  <lobbyistSuffix>
  </lobbyistSuffix>
  <lobbyistID>
  </lobbyistID>
  <zipext>
  </zipext>
  <contactName>Craig Jeffries</contactName>
  <senateRegID>401103527</senateRegID>
  <houseRegID>42804</houseRegID>
  <reportYear>2019</reportYear>
  <reportType>YY</reportType>
  <amendment>False</amendment>
  <comments>
  </comments>
  <signedDate>12/16/2019 9:13:29 AM</signedDate>
  <certifiedcontent>true</certifiedcontent>
  <noContributions>false</noContributions>
  <pacs>
  </pacs>
  <contributions>
    <contribution>
      <type>FECA</type>
      <contributorName>Self</contributorName>
      <payeeName>Stabenow for US Senate</payeeName>
      <recipientName>Debbie Stabenow</recipientName>
      <amount>1000.00</amount>
      <date>12/18/2019</date>
    </contribution>
    <contribution>
      <type>FECA</type>
      <contributorName>Self</contributorName>
      <payeeName>Wenstrup for Congress</payeeName>
      <recipientName>Brad Wenstrup</recipientName>
      <amount>1000.00</amount>
      <date>10/15/2019</date>
    </contribution>
    <contribution>
      <type>FECA</type>
      <contributorName>Self</contributorName>
      <payeeName>Citizens for Prosperity in America Today</payeeName>
      <recipientName>Patrick Toomey </recipientName>
      <amount>2500.00</amount>
      <date>07/16/2019</date>
    </contribution>
    <contribution>
      <type>FECA</type>
      <contributorName>Self</contributorName>
      <payeeName>Bill Cassidy for US Senate</payeeName>
      <recipientName>William Cassidy</recipientName>
      <amount>1000.00</amount>
      <date>10/28/2019</date>
    </contribution>
    <contribution>
      <type>FECA</type>
      <contributorName>Self</contributorName>
      <payeeName>Pallone for Congress</payeeName>
      <recipientName>Frank Pallone </recipientName>
      <amount>1000.00</amount>
      <date>11/12/2019</date>
    </contribution>
    <contribution>
      <type>FECA</type>
      <contributorName>Self</contributorName>
      <payeeName>Capito for West Virginia </payeeName>
      <recipientName>Shelley Moore Capito </recipientName>
      <amount>1000.00</amount>
      <date>10/15/2019</date>
    </contribution>
    <contribution>
      <type>FECA</type>
      <contributorName>Self</contributorName>
      <payeeName>Healthcare Freedom Fund </payeeName>
      <recipientName>Phil Roe</recipientName>
      <amount>2500.00</amount>
      <date>07/16/2019</date>
    </contribution>
    <contribution>
      <type>FECA</type>
      <contributorName>Self</contributorName>
      <payeeName>Tomorrow is Meaningful PAC</payeeName>
      <recipientName>Tim Scott</recipientName>
      <amount>2500.00</amount>
      <date>07/16/2019</date>
    </contribution>
  </contributions>
</CONTRIBUTIONDISCLOSURE>