<?xml version="1.0" encoding="utf-8"?>
<?xml-stylesheet type='text/xsl' href='../../rpt.xslt'?>
<CONTRIBUTIONDISCLOSURE>
  <filerType>L</filerType>
  <organizationName>American Airlines, Inc.</organizationName>
  <lobbyistPrefix>Mrs.</lobbyistPrefix>
  <lobbyistFirstName>NORMA</lobbyistFirstName>
  <lobbyistMiddleName>
  </lobbyistMiddleName>
  <lobbyistLastName>KAEHLER</lobbyistLastName>
  <lobbyistSuffix>
  </lobbyistSuffix>
  <zipext>
  </zipext>
  <contactPrefix>
  </contactPrefix>
  <contactName>
  </contactName>
  <senateRegID>1422</senateRegID>
  <houseRegID>30853</houseRegID>
  <reportYear>2019</reportYear>
  <reportType>YY</reportType>
  <amendment>False</amendment>
  <comments> I am a deciding member of the American Airlines, Inc PAC. The PAC contributions will be reported on American Airlines Inc.  LD-203.  This current report was prepared with reasonable due diligence. </comments>
  <signedDate>12/30/2019 6:44:23 PM</signedDate>
  <certifiedcontent>true</certifiedcontent>
  <noContributions>false</noContributions>
  <pacs>
  </pacs>
  <contributions>
    <contribution>
      <type>FECA</type>
      <contributorName>Self</contributorName>
      <payeeName>Kahele for Congress</payeeName>
      <recipientName>Kai Kahele/ Candidate for Hawaii 2nd District</recipientName>
      <amount>250.00</amount>
      <date>11/20/2019</date>
    </contribution>
    <contribution>
      <type>FECA</type>
      <contributorName>Self</contributorName>
      <payeeName>Friends of Jim Inhofe</payeeName>
      <recipientName>Senator James Inhofe (OK)</recipientName>
      <amount>500.00</amount>
      <date>12/03/2019</date>
    </contribution>
    <contribution>
      <type>FECA</type>
      <contributorName>Self</contributorName>
      <payeeName>Wonder Women Victory Committee (JFC)</payeeName>
      <recipientName>Senators: Blackburn, Capito, Collins, Ernst, Fischer, Hyde-Smith, McSally, Murkowski</recipientName>
      <amount>1000.00</amount>
      <date>12/10/2019</date>
    </contribution>
  </contributions>
</CONTRIBUTIONDISCLOSURE>