<?xml version="1.0" encoding="utf-8"?>
<?xml-stylesheet type='text/xsl' href='../../rpt.xslt'?>
<CONTRIBUTIONDISCLOSURE>
  <filerType>L</filerType>
  <organizationName>Quinn Emanuel Urquhart &amp; Sullivan, LLP</organizationName>
  <lobbyistPrefix>Mr.</lobbyistPrefix>
  <lobbyistFirstName>Stephen </lobbyistFirstName>
  <lobbyistMiddleName>Michael </lobbyistMiddleName>
  <lobbyistLastName>Hauss</lobbyistLastName>
  <lobbyistSuffix>
  </lobbyistSuffix>
  <zipext>
  </zipext>
  <contactPrefix>
  </contactPrefix>
  <contactName>
  </contactName>
  <senateRegID>401104041</senateRegID>
  <houseRegID>43274</houseRegID>
  <reportYear>2019</reportYear>
  <reportType>YY</reportType>
  <amendment>False</amendment>
  <comments>
  </comments>
  <signedDate>12/21/2019 1:55:42 AM</signedDate>
  <certifiedcontent>true</certifiedcontent>
  <noContributions>true</noContributions>
  <pacs>
  </pacs>
  <contributions>
  </contributions>
</CONTRIBUTIONDISCLOSURE>