<?xml version="1.0" encoding="utf-8"?>
<?xml-stylesheet type='text/xsl' href='../../rpt.xslt'?>
<CONTRIBUTIONDISCLOSURE>
  <filerType>O</filerType>
  <organizationName>American Association of Port Authorities</organizationName>
  <lobbyistPrefix>
  </lobbyistPrefix>
  <lobbyistFirstName>
  </lobbyistFirstName>
  <lobbyistMiddleName>
  </lobbyistMiddleName>
  <lobbyistLastName>
  </lobbyistLastName>
  <lobbyistSuffix>
  </lobbyistSuffix>
  <lobbyistID>
  </lobbyistID>
  <address2>
  </address2>
  <zipext>
  </zipext>
  <contactName>Alexis Brooks</contactName>
  <senateRegID>1683</senateRegID>
  <houseRegID>31032</houseRegID>
  <reportYear>2019</reportYear>
  <reportType>YY</reportType>
  <amendment>False</amendment>
  <comments>
  </comments>
  <signedDate>12/23/2019 1:13:37 PM</signedDate>
  <certifiedcontent>true</certifiedcontent>
  <noContributions>false</noContributions>
  <pacs>
  </pacs>
  <contributions>
    <contribution>
      <type>Honorary Expenses</type>
      <contributorName>Self</contributorName>
      <payeeName>National Retail Federation </payeeName>
      <recipientName>Americans for Free Trade Coalition</recipientName>
      <amount>1000.00</amount>
      <date>12/10/2019</date>
    </contribution>
  </contributions>
</CONTRIBUTIONDISCLOSURE>