<?xml version="1.0" encoding="utf-8"?>
<?xml-stylesheet type='text/xsl' href='../../rpt.xslt'?>
<CONTRIBUTIONDISCLOSURE>
  <filerType>L</filerType>
  <organizationName>NATIONAL MILK PRODUCERS FEDERATION</organizationName>
  <lobbyistPrefix>Mr.</lobbyistPrefix>
  <lobbyistFirstName>Paul</lobbyistFirstName>
  <lobbyistMiddleName>Edward</lobbyistMiddleName>
  <lobbyistLastName>Bleiberg</lobbyistLastName>
  <lobbyistSuffix>
  </lobbyistSuffix>
  <zipext>
  </zipext>
  <contactPrefix>
  </contactPrefix>
  <contactName>
  </contactName>
  <senateRegID>28207</senateRegID>
  <houseRegID>30687</houseRegID>
  <reportYear>2019</reportYear>
  <reportType>YY</reportType>
  <amendment>False</amendment>
  <comments>
  </comments>
  <signedDate>12/30/2019 9:09:49 PM</signedDate>
  <certifiedcontent>true</certifiedcontent>
  <noContributions>false</noContributions>
  <pacs>
  </pacs>
  <contributions>
    <contribution>
      <type>FECA</type>
      <contributorName>Self</contributorName>
      <payeeName>National Milk Producers Federation PAC</payeeName>
      <recipientName>NMPF</recipientName>
      <amount>50.00</amount>
      <date>07/15/2019</date>
    </contribution>
    <contribution>
      <type>FECA</type>
      <contributorName>Self</contributorName>
      <payeeName>National Milk Producers Federation PAC</payeeName>
      <recipientName>NMPF</recipientName>
      <amount>50.00</amount>
      <date>07/31/2019</date>
    </contribution>
    <contribution>
      <type>FECA</type>
      <contributorName>Self</contributorName>
      <payeeName>National Milk Producers Federation PAC</payeeName>
      <recipientName>NMPF</recipientName>
      <amount>50.00</amount>
      <date>08/15/2019</date>
    </contribution>
    <contribution>
      <type>FECA</type>
      <contributorName>Self</contributorName>
      <payeeName>National Milk Producers Federation PAC</payeeName>
      <recipientName>NMPF</recipientName>
      <amount>50.00</amount>
      <date>08/31/2019</date>
    </contribution>
    <contribution>
      <type>FECA</type>
      <contributorName>Self</contributorName>
      <payeeName>National Milk Producers Federation PAC</payeeName>
      <recipientName>NMPF</recipientName>
      <amount>50.00</amount>
      <date>09/15/2019</date>
    </contribution>
    <contribution>
      <type>FECA</type>
      <contributorName>Self</contributorName>
      <payeeName>National Milk Producers Federation PAC</payeeName>
      <recipientName>NMPF</recipientName>
      <amount>50.00</amount>
      <date>09/30/2019</date>
    </contribution>
    <contribution>
      <type>FECA</type>
      <contributorName>Self</contributorName>
      <payeeName>National Milk Producers Federation PAC</payeeName>
      <recipientName>NMPF</recipientName>
      <amount>50.00</amount>
      <date>10/15/2019</date>
    </contribution>
    <contribution>
      <type>FECA</type>
      <contributorName>Self</contributorName>
      <payeeName>National Milk Producers Federation PAC</payeeName>
      <recipientName>NMPF</recipientName>
      <amount>50.00</amount>
      <date>10/31/2019</date>
    </contribution>
    <contribution>
      <type>FECA</type>
      <contributorName>Self</contributorName>
      <payeeName>National Milk Producers Federation PAC</payeeName>
      <recipientName>NMPF</recipientName>
      <amount>50.00</amount>
      <date>11/15/2019</date>
    </contribution>
    <contribution>
      <type>FECA</type>
      <contributorName>Self</contributorName>
      <payeeName>National Milk Producers Federation PAC</payeeName>
      <recipientName>NMPF</recipientName>
      <amount>50.00</amount>
      <date>11/30/2019</date>
    </contribution>
    <contribution>
      <type>FECA</type>
      <contributorName>Self</contributorName>
      <payeeName>National Milk Producers Federation PAC</payeeName>
      <recipientName>NMPF</recipientName>
      <amount>50.00</amount>
      <date>12/15/2019</date>
    </contribution>
    <contribution>
      <type>FECA</type>
      <contributorName>Self</contributorName>
      <payeeName>National Milk Producers Federation PAC</payeeName>
      <recipientName>NMPF</recipientName>
      <amount>50.00</amount>
      <date>12/31/2019</date>
    </contribution>
    <contribution>
      <type>FECA</type>
      <contributorName>Self</contributorName>
      <payeeName>National Milk Producers Federation PAC</payeeName>
      <recipientName>NMPF</recipientName>
      <amount>3800.00</amount>
      <date>07/15/2019</date>
    </contribution>
    <contribution>
      <type>FECA</type>
      <contributorName>Self</contributorName>
      <payeeName>E-PAC</payeeName>
      <recipientName>Rep. Elise Stefanik</recipientName>
      <amount>250.00</amount>
      <date>07/07/2019</date>
    </contribution>
    <contribution>
      <type>FECA</type>
      <contributorName>Self</contributorName>
      <payeeName>Kind for Congress Committee</payeeName>
      <recipientName>Rep. Ron Kind</recipientName>
      <amount>250.00</amount>
      <date>07/08/2019</date>
    </contribution>
    <contribution>
      <type>FECA</type>
      <contributorName>Self</contributorName>
      <payeeName>William Timmons for Congress</payeeName>
      <recipientName>Rep. William Timmons</recipientName>
      <amount>250.00</amount>
      <date>07/12/2019</date>
    </contribution>
    <contribution>
      <type>FECA</type>
      <contributorName>Self</contributorName>
      <payeeName>RFW PAC</payeeName>
      <recipientName>Sen. Roger Wicker</recipientName>
      <amount>250.00</amount>
      <date>07/12/2019</date>
    </contribution>
    <contribution>
      <type>FECA</type>
      <contributorName>Self</contributorName>
      <payeeName>Hudson for Congress</payeeName>
      <recipientName>Rep. Richard Hudson</recipientName>
      <amount>250.00</amount>
      <date>09/13/2019</date>
    </contribution>
    <contribution>
      <type>FECA</type>
      <contributorName>Self</contributorName>
      <payeeName>Brindisi for Congress</payeeName>
      <recipientName>Rep. Anthony Brindisi</recipientName>
      <amount>250.00</amount>
      <date>09/13/2019</date>
    </contribution>
    <contribution>
      <type>FECA</type>
      <contributorName>Self</contributorName>
      <payeeName>Harder for Congress</payeeName>
      <recipientName>Rep. Josh Harder</recipientName>
      <amount>250.00</amount>
      <date>09/13/2019</date>
    </contribution>
    <contribution>
      <type>FECA</type>
      <contributorName>Self</contributorName>
      <payeeName>Dan Newhouse for Congress</payeeName>
      <recipientName>Rep. Dan Newhouse</recipientName>
      <amount>500.00</amount>
      <date>09/17/2019</date>
    </contribution>
    <contribution>
      <type>FECA</type>
      <contributorName>Self</contributorName>
      <payeeName>Jim Costa for Congress</payeeName>
      <recipientName>Rep. Jim Costa</recipientName>
      <amount>500.00</amount>
      <date>09/21/2019</date>
    </contribution>
    <contribution>
      <type>FECA</type>
      <contributorName>Self</contributorName>
      <payeeName>Angie Craig for Congress</payeeName>
      <recipientName>Rep. Angie Craig</recipientName>
      <amount>250.00</amount>
      <date>10/18/2019</date>
    </contribution>
    <contribution>
      <type>FECA</type>
      <contributorName>Self</contributorName>
      <payeeName>Smucker for Congress</payeeName>
      <recipientName>Rep. Lloyd Smucker</recipientName>
      <amount>250.00</amount>
      <date>10/21/2019</date>
    </contribution>
    <contribution>
      <type>FECA</type>
      <contributorName>Self</contributorName>
      <payeeName>Tom Reed for Congress</payeeName>
      <recipientName>Rep. Tom Reed</recipientName>
      <amount>250.00</amount>
      <date>11/15/2019</date>
    </contribution>
    <contribution>
      <type>FECA</type>
      <contributorName>Self</contributorName>
      <payeeName>Peterson for Congress</payeeName>
      <recipientName>Rep. Collin Peterson</recipientName>
      <amount>500.00</amount>
      <date>11/15/2019</date>
    </contribution>
    <contribution>
      <type>FECA</type>
      <contributorName>Self</contributorName>
      <payeeName>Kansans for Marshall</payeeName>
      <recipientName>Rep. Roger Marshall</recipientName>
      <amount>250.00</amount>
      <date>11/15/2019</date>
    </contribution>
    <contribution>
      <type>FECA</type>
      <contributorName>Self</contributorName>
      <payeeName>Tiffany for Wisconsin, Inc.</payeeName>
      <recipientName>Sen. Tom Tiffany</recipientName>
      <amount>250.00</amount>
      <date>11/30/2019</date>
    </contribution>
    <contribution>
      <type>FECA</type>
      <contributorName>Self</contributorName>
      <payeeName>GT Farm Team</payeeName>
      <recipientName>Reps. Don Bacon, Mike Bost, James Comer, Rodney Davis, Russ Fulcher, and Dan Newhouse</recipientName>
      <amount>1500.00</amount>
      <date>12/09/2019</date>
    </contribution>
  </contributions>
</CONTRIBUTIONDISCLOSURE>