<?xml version="1.0" encoding="utf-8"?>
<?xml-stylesheet type='text/xsl' href='../../rpt.xslt'?>
<CONTRIBUTIONDISCLOSURE>
  <filerType>L</filerType>
  <organizationName>Grocery Manufacturers Association</organizationName>
  <lobbyistPrefix>Mr.</lobbyistPrefix>
  <lobbyistFirstName>BRYAN</lobbyistFirstName>
  <lobbyistMiddleName>
  </lobbyistMiddleName>
  <lobbyistLastName>ZUMWALT</lobbyistLastName>
  <lobbyistSuffix>
  </lobbyistSuffix>
  <zipext>
  </zipext>
  <contactPrefix>
  </contactPrefix>
  <contactName>
  </contactName>
  <senateRegID>16998</senateRegID>
  <houseRegID>32494</houseRegID>
  <reportYear>2019</reportYear>
  <reportType>YY</reportType>
  <amendment>False</amendment>
  <comments>
  </comments>
  <signedDate>12/31/2019 9:46:31 AM</signedDate>
  <certifiedcontent>true</certifiedcontent>
  <noContributions>false</noContributions>
  <pacs>
    <pac>
      <name>GMA PAC</name>
    </pac>
    <pac>
      <name>Pelican PAC</name>
    </pac>
    <pac>
      <name>Babin Higgins Victory Fund</name>
    </pac>
  </pacs>
  <contributions>
    <contribution>
      <type>FECA</type>
      <contributorName>Self</contributorName>
      <payeeName>GMA PAC</payeeName>
      <recipientName>Grocery Manufacturers Association</recipientName>
      <amount>5000.00</amount>
      <date>09/05/2019</date>
    </contribution>
    <contribution>
      <type>FECA</type>
      <contributorName>Self</contributorName>
      <payeeName>Babin Higgins Victory Fund</payeeName>
      <recipientName>Cong. Babin and Cong. Higgins</recipientName>
      <amount>1500.00</amount>
      <date>10/27/2019</date>
    </contribution>
    <contribution>
      <type>FECA</type>
      <contributorName>Self</contributorName>
      <payeeName>Pelican PAC</payeeName>
      <recipientName>Sen. Kennedy</recipientName>
      <amount>250.00</amount>
      <date>12/12/2019</date>
    </contribution>
  </contributions>
</CONTRIBUTIONDISCLOSURE>