<?xml version="1.0" encoding="utf-8"?>
<?xml-stylesheet type='text/xsl' href='../../rpt.xslt'?>
<CONTRIBUTIONDISCLOSURE>
  <filerType>L</filerType>
  <organizationName>Target Corporation</organizationName>
  <lobbyistPrefix>Ms.</lobbyistPrefix>
  <lobbyistFirstName>Amy</lobbyistFirstName>
  <lobbyistMiddleName>
  </lobbyistMiddleName>
  <lobbyistLastName>Oberhelman</lobbyistLastName>
  <lobbyistSuffix>
  </lobbyistSuffix>
  <zipext>
  </zipext>
  <contactPrefix>
  </contactPrefix>
  <contactName>
  </contactName>
  <senateRegID>11776</senateRegID>
  <houseRegID>32423</houseRegID>
  <reportYear>2019</reportYear>
  <reportType>YY</reportType>
  <amendment>False</amendment>
  <comments>
  </comments>
  <signedDate>12/11/2019 4:48:42 PM</signedDate>
  <certifiedcontent>true</certifiedcontent>
  <noContributions>false</noContributions>
  <pacs>
    <pac>
      <name>Emmer for Congress</name>
    </pac>
    <pac>
      <name>Young for Iowa, Inc.</name>
    </pac>
  </pacs>
  <contributions>
    <contribution>
      <type>FECA</type>
      <contributorName>Self</contributorName>
      <payeeName>Emmer for Congress</payeeName>
      <recipientName>Congressman Tom Emmer</recipientName>
      <amount>1000.00</amount>
      <date>09/21/2019</date>
    </contribution>
    <contribution>
      <type>FECA</type>
      <contributorName>Self</contributorName>
      <payeeName>Young for Iowa, Inc.</payeeName>
      <recipientName>David Young</recipientName>
      <amount>1000.00</amount>
      <date>09/21/2019</date>
    </contribution>
    <contribution>
      <type>FECA</type>
      <contributorName>Self</contributorName>
      <payeeName>Young for Iowa, Inc.</payeeName>
      <recipientName>David Young</recipientName>
      <amount>500.00</amount>
      <date>12/04/2019</date>
    </contribution>
  </contributions>
</CONTRIBUTIONDISCLOSURE>