<?xml version="1.0" encoding="utf-8"?>
<?xml-stylesheet type='text/xsl' href='../../rpt.xslt'?>
<CONTRIBUTIONDISCLOSURE>
  <filerType>L</filerType>
  <organizationName>AMERICAN COLLEGE OF CLINICAL PHARMACY</organizationName>
  <lobbyistPrefix>Ms.</lobbyistPrefix>
  <lobbyistFirstName>Katherine</lobbyistFirstName>
  <lobbyistMiddleName>D</lobbyistMiddleName>
  <lobbyistLastName>Pham</lobbyistLastName>
  <lobbyistSuffix>
  </lobbyistSuffix>
  <zipext>
  </zipext>
  <contactPrefix>
  </contactPrefix>
  <contactName>
  </contactName>
  <senateRegID>57258</senateRegID>
  <houseRegID>35223</houseRegID>
  <reportYear>2019</reportYear>
  <reportType>YY</reportType>
  <amendment>False</amendment>
  <comments>
  </comments>
  <signedDate>12/10/2019 1:25:22 PM</signedDate>
  <certifiedcontent>true</certifiedcontent>
  <noContributions>false</noContributions>
  <pacs>
    <pac>
      <name>ACCP-PAC</name>
    </pac>
  </pacs>
  <contributions>
    <contribution>
      <type>FECA</type>
      <contributorName>Self</contributorName>
      <payeeName>ACCP-PAC</payeeName>
      <recipientName>ACCP-PAC</recipientName>
      <amount>25.00</amount>
      <date>07/29/2019</date>
    </contribution>
    <contribution>
      <type>FECA</type>
      <contributorName>Self</contributorName>
      <payeeName>ACCP-PAC</payeeName>
      <recipientName>ACCP-PAC</recipientName>
      <amount>25.00</amount>
      <date>10/29/2019</date>
    </contribution>
  </contributions>
</CONTRIBUTIONDISCLOSURE>