<?xml version="1.0" encoding="utf-8"?>
<?xml-stylesheet type='text/xsl' href='../../rpt.xslt'?>
<CONTRIBUTIONDISCLOSURE>
  <filerType>L</filerType>
  <organizationName>American Medical Association</organizationName>
  <lobbyistPrefix>Mr.</lobbyistPrefix>
  <lobbyistFirstName>Richard</lobbyistFirstName>
  <lobbyistMiddleName>A</lobbyistMiddleName>
  <lobbyistLastName>Deem</lobbyistLastName>
  <lobbyistSuffix>
  </lobbyistSuffix>
  <contactPrefix>
  </contactPrefix>
  <contactName>
  </contactName>
  <contactPhone>
  </contactPhone>
  <senateRegID>2877</senateRegID>
  <houseRegID>30464</houseRegID>
  <reportYear>2019</reportYear>
  <reportType>YY</reportType>
  <amendment>False</amendment>
  <comments>
  </comments>
  <signedDate>8/30/2019 10:44:57 AM</signedDate>
  <certifiedcontent>true</certifiedcontent>
  <noContributions>true</noContributions>
  <pacs>
  </pacs>
  <contributions>
  </contributions>
</CONTRIBUTIONDISCLOSURE>