<?xml version="1.0" encoding="utf-8"?>
<?xml-stylesheet type='text/xsl' href='../../rpt.xslt'?>
<CONTRIBUTIONDISCLOSURE>
  <filerType>L</filerType>
  <organizationName>PRASAM</organizationName>
  <lobbyistPrefix>Mr.</lobbyistPrefix>
  <lobbyistFirstName>Archibald</lobbyistFirstName>
  <lobbyistMiddleName>
  </lobbyistMiddleName>
  <lobbyistLastName>Galloway  </lobbyistLastName>
  <lobbyistSuffix>II</lobbyistSuffix>
  <address2>
  </address2>
  <zipext>
  </zipext>
  <contactPrefix>
  </contactPrefix>
  <contactName>
  </contactName>
  <senateRegID>31895</senateRegID>
  <houseRegID>32173</houseRegID>
  <reportYear>2019</reportYear>
  <reportType>YY</reportType>
  <amendment>False</amendment>
  <comments>
  </comments>
  <signedDate>11/18/2019 5:12:16 PM</signedDate>
  <certifiedcontent>true</certifiedcontent>
  <noContributions>false</noContributions>
  <pacs>
  </pacs>
  <contributions>
    <contribution>
      <type>FECA</type>
      <contributorName>Self</contributorName>
      <payeeName>Defend America Pac</payeeName>
      <recipientName>US Senator Richard Shelby (Republican, Alabama)</recipientName>
      <amount>500.00</amount>
      <date>07/15/2019</date>
    </contribution>
    <contribution>
      <type>FECA</type>
      <contributorName>Self</contributorName>
      <payeeName>Doug Jones</payeeName>
      <recipientName>US Senator Doug Jones (Democrat, Alabama)</recipientName>
      <amount>500.00</amount>
      <date>07/22/2019</date>
    </contribution>
    <contribution>
      <type>FECA</type>
      <contributorName>Self</contributorName>
      <payeeName>Friends of Sessions Senate Committee</payeeName>
      <recipientName> former US Senator Jeff Sessions, running for his old seat</recipientName>
      <amount>500.00</amount>
      <date>11/17/2019</date>
    </contribution>
  </contributions>
</CONTRIBUTIONDISCLOSURE>