<?xml version="1.0" encoding="utf-8"?>
<?xml-stylesheet type='text/xsl' href='../../rpt.xslt'?>
<CONTRIBUTIONDISCLOSURE>
  <filerType>O</filerType>
  <organizationName>AMERICAN BENEFITS COUNCIL</organizationName>
  <lobbyistPrefix>
  </lobbyistPrefix>
  <lobbyistFirstName>
  </lobbyistFirstName>
  <lobbyistMiddleName>
  </lobbyistMiddleName>
  <lobbyistLastName>
  </lobbyistLastName>
  <lobbyistSuffix>
  </lobbyistSuffix>
  <lobbyistID>
  </lobbyistID>
  <address2>
  </address2>
  <zipext>
  </zipext>
  <contactName>RALPH P. KASS</contactName>
  <senateRegID>4675</senateRegID>
  <houseRegID>31242</houseRegID>
  <reportYear>2019</reportYear>
  <reportType>YY</reportType>
  <amendment>False</amendment>
  <comments>
  </comments>
  <signedDate>12/30/2019 12:15:26 PM</signedDate>
  <certifiedcontent>true</certifiedcontent>
  <noContributions>false</noContributions>
  <pacs>
    <pac>
      <name>AMERICAN BENEFITS COUNCIL PAC</name>
    </pac>
  </pacs>
  <contributions>
    <contribution>
      <type>FECA</type>
      <contributorName>AMERICAN BENEFITS COUNCIL PAC</contributorName>
      <payeeName>Courtney for Congress</payeeName>
      <recipientName>Joe Courtney</recipientName>
      <amount>2500.00</amount>
      <date>07/15/2019</date>
    </contribution>
    <contribution>
      <type>FECA</type>
      <contributorName>AMERICAN BENEFITS COUNCIL PAC</contributorName>
      <payeeName>Rounds for Senate</payeeName>
      <recipientName>Mike Rounds</recipientName>
      <amount>1500.00</amount>
      <date>07/26/2019</date>
    </contribution>
    <contribution>
      <type>FECA</type>
      <contributorName>AMERICAN BENEFITS COUNCIL PAC</contributorName>
      <payeeName>Adrian Smith for Congress</payeeName>
      <recipientName>Adrian Smith</recipientName>
      <amount>1000.00</amount>
      <date>07/26/2019</date>
    </contribution>
    <contribution>
      <type>FECA</type>
      <contributorName>AMERICAN BENEFITS COUNCIL PAC</contributorName>
      <payeeName>Rob Portman for US Senate</payeeName>
      <recipientName>Rob Portman</recipientName>
      <amount>1000.00</amount>
      <date>09/25/2019</date>
    </contribution>
    <contribution>
      <type>FECA</type>
      <contributorName>AMERICAN BENEFITS COUNCIL PAC</contributorName>
      <payeeName>Mike Kelly for Congress</payeeName>
      <recipientName>Mike Kelly</recipientName>
      <amount>1500.00</amount>
      <date>09/25/2019</date>
    </contribution>
    <contribution>
      <type>FECA</type>
      <contributorName>AMERICAN BENEFITS COUNCIL PAC</contributorName>
      <payeeName>Texans for Jodey Arrington</payeeName>
      <recipientName>Jodey Arrington</recipientName>
      <amount>1000.00</amount>
      <date>11/04/2019</date>
    </contribution>
    <contribution>
      <type>FECA</type>
      <contributorName>AMERICAN BENEFITS COUNCIL PAC</contributorName>
      <payeeName>Doug Jones for Senate</payeeName>
      <recipientName>Doug Jones</recipientName>
      <amount>1000.00</amount>
      <date>11/04/2019</date>
    </contribution>
    <contribution>
      <type>FECA</type>
      <contributorName>AMERICAN BENEFITS COUNCIL PAC</contributorName>
      <payeeName>Mike Kelly for Congress</payeeName>
      <recipientName>Mike Kelly</recipientName>
      <amount>1000.00</amount>
      <date>11/04/2019</date>
    </contribution>
    <contribution>
      <type>FECA</type>
      <contributorName>AMERICAN BENEFITS COUNCIL PAC</contributorName>
      <payeeName>Larson for Congress</payeeName>
      <recipientName>John Larson</recipientName>
      <amount>2000.00</amount>
      <date>12/12/2019</date>
    </contribution>
    <contribution>
      <type>FECA</type>
      <contributorName>AMERICAN BENEFITS COUNCIL PAC</contributorName>
      <payeeName>Ben Cardin for Senate</payeeName>
      <recipientName>Ben Cardin</recipientName>
      <amount>1000.00</amount>
      <date>12/12/2019</date>
    </contribution>
    <contribution>
      <type>FECA</type>
      <contributorName>AMERICAN BENEFITS COUNCIL PAC</contributorName>
      <payeeName>Kind for Congress</payeeName>
      <recipientName>on Kind</recipientName>
      <amount>1000.00</amount>
      <date>12/12/2019</date>
    </contribution>
  </contributions>
</CONTRIBUTIONDISCLOSURE>