<?xml version="1.0" encoding="utf-8"?>
<?xml-stylesheet type='text/xsl' href='../../rpt.xslt'?>
<CONTRIBUTIONDISCLOSURE>
  <filerType>L</filerType>
  <organizationName>MetLife Group, Inc.</organizationName>
  <lobbyistPrefix>Mr.</lobbyistPrefix>
  <lobbyistFirstName>PETER</lobbyistFirstName>
  <lobbyistMiddleName>
  </lobbyistMiddleName>
  <lobbyistLastName>PASTRE</lobbyistLastName>
  <lobbyistSuffix>
  </lobbyistSuffix>
  <address2>
  </address2>
  <contactPrefix>
  </contactPrefix>
  <contactName>
  </contactName>
  <senateRegID>40032280</senateRegID>
  <houseRegID>39931</houseRegID>
  <reportYear>2019</reportYear>
  <reportType>YY</reportType>
  <amendment>False</amendment>
  <comments>MetLife Fund A and MetLife Inc. Fund A- Federal Only are separate segregated funds and are connected PACs of MetLife Group, Inc.  I am in a position of control of these PACs, whose contributions are disclosed in LDR-203 Report by MetLife Group Inc. </comments>
  <signedDate>12/20/2019 6:02:47 PM</signedDate>
  <certifiedcontent>true</certifiedcontent>
  <noContributions>false</noContributions>
  <pacs>
    <pac>
      <name>MetLife Inc. Employees' Pol. Participation Fund A</name>
    </pac>
    <pac>
      <name>MetLife Inc. Employees' Pol. Participation Fund A-Fed. Only</name>
    </pac>
  </pacs>
  <contributions>
    <contribution>
      <type>FECA</type>
      <contributorName>Self</contributorName>
      <payeeName>Valadao for Congress</payeeName>
      <recipientName>David Valadao</recipientName>
      <amount>500.00</amount>
      <date>10/23/2019</date>
    </contribution>
  </contributions>
</CONTRIBUTIONDISCLOSURE>