<?xml version="1.0" encoding="utf-8"?>
<?xml-stylesheet type='text/xsl' href='../../rpt.xslt'?>
<CONTRIBUTIONDISCLOSURE>
  <filerType>L</filerType>
  <organizationName>Federation for American Immigration Reform</organizationName>
  <lobbyistPrefix>Mrs.</lobbyistPrefix>
  <lobbyistFirstName>Shari</lobbyistFirstName>
  <lobbyistMiddleName>
  </lobbyistMiddleName>
  <lobbyistLastName>Rendall</lobbyistLastName>
  <lobbyistSuffix>
  </lobbyistSuffix>
  <address2>
  </address2>
  <zipext>
  </zipext>
  <contactPrefix>
  </contactPrefix>
  <contactName>
  </contactName>
  <senateRegID>14256</senateRegID>
  <houseRegID>30053</houseRegID>
  <reportYear>2019</reportYear>
  <reportType>YY</reportType>
  <amendment>False</amendment>
  <comments>
  </comments>
  <signedDate>12/23/2019 2:57:22 PM</signedDate>
  <certifiedcontent>true</certifiedcontent>
  <noContributions>false</noContributions>
  <pacs>
  </pacs>
  <contributions>
    <contribution>
      <type>FECA</type>
      <contributorName>Self</contributorName>
      <payeeName>Colleen Holcomb for Delegate</payeeName>
      <recipientName>Colleen Holcomb for Delegate</recipientName>
      <amount>200.00</amount>
      <date>09/17/2019</date>
    </contribution>
  </contributions>
</CONTRIBUTIONDISCLOSURE>