<?xml version="1.0" encoding="utf-8"?>
<?xml-stylesheet type='text/xsl' href='../../rpt.xslt'?>
<CONTRIBUTIONDISCLOSURE>
  <filerType>L</filerType>
  <organizationName>Robertson, Monagle, &amp; Eastaugh PC (formelry known at Hoffman, Silver, Gilman and</organizationName>
  <lobbyistPrefix>Mr.</lobbyistPrefix>
  <lobbyistFirstName>RICK</lobbyistFirstName>
  <lobbyistMiddleName>
  </lobbyistMiddleName>
  <lobbyistLastName>MARKS</lobbyistLastName>
  <lobbyistSuffix>
  </lobbyistSuffix>
  <address2>
  </address2>
  <zipext>
  </zipext>
  <contactPrefix>
  </contactPrefix>
  <contactName>
  </contactName>
  <senateRegID>33454</senateRegID>
  <houseRegID>30626</houseRegID>
  <reportYear>2019</reportYear>
  <reportType>YY</reportType>
  <amendment>False</amendment>
  <comments>
  </comments>
  <signedDate>12/11/2019 2:43:37 PM</signedDate>
  <certifiedcontent>true</certifiedcontent>
  <noContributions>false</noContributions>
  <pacs>
  </pacs>
  <contributions>
    <contribution>
      <type>FECA</type>
      <contributorName>Self</contributorName>
      <payeeName>Alaskans for Don Young, Inc.</payeeName>
      <recipientName>Congressman Don Young</recipientName>
      <amount>1000.00</amount>
      <date>11/20/2019</date>
    </contribution>
    <contribution>
      <type>FECA</type>
      <contributorName>Self</contributorName>
      <payeeName>People for Derek Kilmer, LLC</payeeName>
      <recipientName>Congressman Derek Kilmer</recipientName>
      <amount>500.00</amount>
      <date>11/14/2019</date>
    </contribution>
    <contribution>
      <type>FECA</type>
      <contributorName>Self</contributorName>
      <payeeName>Van Drew for Congress</payeeName>
      <recipientName>Congressman Jeff Van Drew</recipientName>
      <amount>1000.00</amount>
      <date>10/18/2019</date>
    </contribution>
  </contributions>
</CONTRIBUTIONDISCLOSURE>