<?xml version="1.0" encoding="utf-8"?>
<?xml-stylesheet type='text/xsl' href='../../rpt.xslt'?>
<CONTRIBUTIONDISCLOSURE>
  <filerType>L</filerType>
  <organizationName>O'Keeffe Shahmoradi Strategies, LLC</organizationName>
  <lobbyistPrefix>Ms.</lobbyistPrefix>
  <lobbyistFirstName>Heideh</lobbyistFirstName>
  <lobbyistMiddleName>
  </lobbyistMiddleName>
  <lobbyistLastName>Shahmoradi</lobbyistLastName>
  <lobbyistSuffix>
  </lobbyistSuffix>
  <address2>
  </address2>
  <contactPrefix>
  </contactPrefix>
  <contactName>
  </contactName>
  <senateRegID>401104869</senateRegID>
  <houseRegID>44033</houseRegID>
  <reportYear>2019</reportYear>
  <reportType>YY</reportType>
  <amendment>False</amendment>
  <comments>
  </comments>
  <signedDate>1/1/2020 1:08:25 PM</signedDate>
  <certifiedcontent>true</certifiedcontent>
  <noContributions>false</noContributions>
  <pacs>
  </pacs>
  <contributions>
    <contribution>
      <type>FECA</type>
      <contributorName>Self</contributorName>
      <payeeName>Mario Diaz-Balart for Congress</payeeName>
      <recipientName>Mario Diaz-Balart</recipientName>
      <amount>500.00</amount>
      <date>07/15/2019</date>
    </contribution>
    <contribution>
      <type>FECA</type>
      <contributorName>Self</contributorName>
      <payeeName>DeFazio for Congress</payeeName>
      <recipientName>Peter DeFazio</recipientName>
      <amount>500.00</amount>
      <date>09/10/2019</date>
    </contribution>
    <contribution>
      <type>FECA</type>
      <contributorName>Self</contributorName>
      <payeeName>Collins for Senator</payeeName>
      <recipientName>Susan Collins</recipientName>
      <amount>2600.00</amount>
      <date>12/04/2019</date>
    </contribution>
  </contributions>
</CONTRIBUTIONDISCLOSURE>