<?xml version="1.0" encoding="utf-8"?>
<?xml-stylesheet type='text/xsl' href='../../rpt.xslt'?>
<CONTRIBUTIONDISCLOSURE>
  <filerType>L</filerType>
  <organizationName>Miller-Wenhold Capitol Strategies</organizationName>
  <lobbyistPrefix>Mr.</lobbyistPrefix>
  <lobbyistFirstName>PAUL</lobbyistFirstName>
  <lobbyistMiddleName>
  </lobbyistMiddleName>
  <lobbyistLastName>MILLER</lobbyistLastName>
  <lobbyistSuffix>
  </lobbyistSuffix>
  <zipext>
  </zipext>
  <contactPrefix>
  </contactPrefix>
  <contactName>
  </contactName>
  <senateRegID>307034</senateRegID>
  <houseRegID>38322</houseRegID>
  <reportYear>2019</reportYear>
  <reportType>YY</reportType>
  <amendment>False</amendment>
  <comments>
  </comments>
  <signedDate>12/23/2019 9:20:46 AM</signedDate>
  <certifiedcontent>true</certifiedcontent>
  <noContributions>false</noContributions>
  <pacs>
  </pacs>
  <contributions>
    <contribution>
      <type>FECA</type>
      <contributorName>Self</contributorName>
      <payeeName>Jackie Walorski For Congress</payeeName>
      <recipientName>Rep. Jackie Walorski</recipientName>
      <amount>1000.00</amount>
      <date>07/17/2019</date>
    </contribution>
    <contribution>
      <type>FECA</type>
      <contributorName>Self</contributorName>
      <payeeName>Texans For Jodey Arrington</payeeName>
      <recipientName>Rep. Jodey Arrington</recipientName>
      <amount>500.00</amount>
      <date>09/26/2019</date>
    </contribution>
    <contribution>
      <type>FECA</type>
      <contributorName>Self</contributorName>
      <payeeName>Bill Cassidy for US Senate</payeeName>
      <recipientName>Sen. Bill Cassidy</recipientName>
      <amount>500.00</amount>
      <date>10/22/2019</date>
    </contribution>
    <contribution>
      <type>FECA</type>
      <contributorName>Self</contributorName>
      <payeeName>Texans For Jodey Arrington</payeeName>
      <recipientName>Rep. Jodey Arrington</recipientName>
      <amount>500.00</amount>
      <date>12/17/2019</date>
    </contribution>
    <contribution>
      <type>FECA</type>
      <contributorName>Self</contributorName>
      <payeeName>Meadows Freedom Fund</payeeName>
      <recipientName>Rep. Mark Meadows</recipientName>
      <amount>500.00</amount>
      <date>09/19/2019</date>
    </contribution>
    <contribution>
      <type>FECA</type>
      <contributorName>Self</contributorName>
      <payeeName>Meadows Freedom Fund</payeeName>
      <recipientName>Rep. Mark Meadows</recipientName>
      <amount>1000.00</amount>
      <date>12/11/2019</date>
    </contribution>
    <contribution>
      <type>FECA</type>
      <contributorName>Self</contributorName>
      <payeeName>Feenstra For Congress</payeeName>
      <recipientName>Randy Feenstra</recipientName>
      <amount>100.00</amount>
      <date>08/17/2019</date>
    </contribution>
    <contribution>
      <type>FECA</type>
      <contributorName>Self</contributorName>
      <payeeName>Steve Bullock For President</payeeName>
      <recipientName>Gov. Steve Bullock</recipientName>
      <amount>10.00</amount>
      <date>07/31/2019</date>
    </contribution>
    <contribution>
      <type>FECA</type>
      <contributorName>Self</contributorName>
      <payeeName>Steve Bullock for President</payeeName>
      <recipientName>Gov. Steve Bullock</recipientName>
      <amount>15.00</amount>
      <date>07/31/2019</date>
    </contribution>
    <contribution>
      <type>FECA</type>
      <contributorName>Self</contributorName>
      <payeeName>Bennet For America</payeeName>
      <recipientName>Sen. Michael Bennet</recipientName>
      <amount>10.00</amount>
      <date>07/31/2019</date>
    </contribution>
  </contributions>
</CONTRIBUTIONDISCLOSURE>