<?xml version="1.0" encoding="utf-8"?>
<?xml-stylesheet type='text/xsl' href='../../rpt.xslt'?>
<CONTRIBUTIONDISCLOSURE>
  <filerType>L</filerType>
  <organizationName>Conservation Pathways, LLC</organizationName>
  <lobbyistPrefix>Mr.</lobbyistPrefix>
  <lobbyistFirstName>ALAN</lobbyistFirstName>
  <lobbyistMiddleName>
  </lobbyistMiddleName>
  <lobbyistLastName>FRONT</lobbyistLastName>
  <lobbyistSuffix>
  </lobbyistSuffix>
  <zipext>
  </zipext>
  <contactPrefix>
  </contactPrefix>
  <contactName>
  </contactName>
  <senateRegID>400471327</senateRegID>
  <houseRegID>40973</houseRegID>
  <reportYear>2019</reportYear>
  <reportType>YY</reportType>
  <amendment>False</amendment>
  <comments>
  </comments>
  <signedDate>12/31/2019 8:36:05 AM</signedDate>
  <certifiedcontent>true</certifiedcontent>
  <noContributions>false</noContributions>
  <pacs>
  </pacs>
  <contributions>
    <contribution>
      <type>FECA</type>
      <contributorName>Self</contributorName>
      <payeeName>ActBlue</payeeName>
      <recipientName>Rep. Betty McCollum</recipientName>
      <amount>250.00</amount>
      <date>07/12/2019</date>
    </contribution>
    <contribution>
      <type>FECA</type>
      <contributorName>Self</contributorName>
      <payeeName>GiveGreen.com</payeeName>
      <recipientName>Sen. Tom Carper</recipientName>
      <amount>250.00</amount>
      <date>09/11/2019</date>
    </contribution>
    <contribution>
      <type>FECA</type>
      <contributorName>Self</contributorName>
      <payeeName>Jon Ossoff for Senate</payeeName>
      <recipientName>Jon Ossoff</recipientName>
      <amount>500.00</amount>
      <date>09/24/2019</date>
    </contribution>
  </contributions>
</CONTRIBUTIONDISCLOSURE>