<?xml version="1.0" encoding="utf-8"?>
<?xml-stylesheet type='text/xsl' href='../../rpt.xslt'?>
<CONTRIBUTIONDISCLOSURE>
  <filerType>O</filerType>
  <organizationName>Citizens for the Extension of the James Zadroga Act, Inc.</organizationName>
  <lobbyistPrefix>
  </lobbyistPrefix>
  <lobbyistFirstName>
  </lobbyistFirstName>
  <lobbyistMiddleName>
  </lobbyistMiddleName>
  <lobbyistLastName>
  </lobbyistLastName>
  <lobbyistSuffix>
  </lobbyistSuffix>
  <lobbyistID>
  </lobbyistID>
  <address2>
  </address2>
  <zipext>
  </zipext>
  <contactName>Benjamin Chevat</contactName>
  <senateRegID>401103403</senateRegID>
  <houseRegID>42688</houseRegID>
  <reportYear>2019</reportYear>
  <reportType>YY</reportType>
  <amendment>False</amendment>
  <comments>Both honorary expenses were for plaques given to Representatives Peter King and Jerrold Nadler in recognition of their efforts in support of 9/11 responders. </comments>
  <signedDate>10/30/2019 11:16:49 AM</signedDate>
  <certifiedcontent>true</certifiedcontent>
  <noContributions>false</noContributions>
  <pacs>
  </pacs>
  <contributions>
    <contribution>
      <type>Honorary Expenses</type>
      <contributorName>Self</contributorName>
      <payeeName>Aaron Brothers Framing</payeeName>
      <recipientName>Rep. Peter King</recipientName>
      <amount>61.65</amount>
      <date>09/26/2019</date>
    </contribution>
    <contribution>
      <type>Honorary Expenses</type>
      <contributorName>Self</contributorName>
      <payeeName>Aaron Brothers Framing</payeeName>
      <recipientName>Rep. Jerrold Nadler</recipientName>
      <amount>61.65</amount>
      <date>09/26/2019</date>
    </contribution>
  </contributions>
</CONTRIBUTIONDISCLOSURE>