<?xml version="1.0" encoding="utf-8"?>
<?xml-stylesheet type='text/xsl' href='../../rpt.xslt'?>
<CONTRIBUTIONDISCLOSURE>
  <filerType>O</filerType>
  <organizationName>Veterans Education Success</organizationName>
  <lobbyistPrefix>
  </lobbyistPrefix>
  <lobbyistFirstName>
  </lobbyistFirstName>
  <lobbyistMiddleName>
  </lobbyistMiddleName>
  <lobbyistLastName>
  </lobbyistLastName>
  <lobbyistSuffix>
  </lobbyistSuffix>
  <lobbyistID>
  </lobbyistID>
  <zipext>
  </zipext>
  <contactName>Carrie Wofford</contactName>
  <senateRegID>401104702</senateRegID>
  <houseRegID>43864</houseRegID>
  <reportYear>2019</reportYear>
  <reportType>YY</reportType>
  <amendment>False</amendment>
  <comments>
  </comments>
  <signedDate>12/22/2019 6:29:40 PM</signedDate>
  <certifiedcontent>true</certifiedcontent>
  <noContributions>false</noContributions>
  <pacs>
    <pac>
      <name>Markey Victory Fund</name>
    </pac>
  </pacs>
  <contributions>
    <contribution>
      <type>FECA</type>
      <contributorName>Self</contributorName>
      <payeeName>Markey Victory Fund</payeeName>
      <recipientName>Sen. Ed Markey (D-MA)</recipientName>
      <amount>4800.00</amount>
      <date>07/25/2019</date>
    </contribution>
    <contribution>
      <type>FECA</type>
      <contributorName>Self</contributorName>
      <payeeName>Sara Gideon for Senate</payeeName>
      <recipientName>Sara Gideon for Senate (Maine)</recipientName>
      <amount>1000.00</amount>
      <date>07/25/2019</date>
    </contribution>
    <contribution>
      <type>FECA</type>
      <contributorName>Self</contributorName>
      <payeeName>Amy McGrath for Senate</payeeName>
      <recipientName>Amy McGrath for Senate (KY)</recipientName>
      <amount>1000.00</amount>
      <date>12/16/2019</date>
    </contribution>
  </contributions>
</CONTRIBUTIONDISCLOSURE>