<?xml version="1.0" encoding="utf-8"?>
<?xml-stylesheet type='text/xsl' href='../../rpt.xslt'?>
<CONTRIBUTIONDISCLOSURE>
  <filerType>L</filerType>
  <organizationName>Rich Feuer Anderson</organizationName>
  <lobbyistPrefix>Mr.</lobbyistPrefix>
  <lobbyistFirstName>Andrew</lobbyistFirstName>
  <lobbyistMiddleName>Carr</lobbyistMiddleName>
  <lobbyistLastName>Palmer</lobbyistLastName>
  <lobbyistSuffix>
  </lobbyistSuffix>
  <zipext>
  </zipext>
  <contactPrefix>
  </contactPrefix>
  <contactName>
  </contactName>
  <senateRegID>84775</senateRegID>
  <houseRegID>36473</houseRegID>
  <reportYear>2019</reportYear>
  <reportType>YY</reportType>
  <amendment>False</amendment>
  <comments>
  </comments>
  <signedDate>12/4/2019 3:02:56 PM</signedDate>
  <certifiedcontent>true</certifiedcontent>
  <noContributions>false</noContributions>
  <pacs>
  </pacs>
  <contributions>
    <contribution>
      <type>FECA</type>
      <contributorName>Self</contributorName>
      <payeeName>Friends of Denver Riggleman</payeeName>
      <recipientName>Rep. Denver Riggleman</recipientName>
      <amount>250.00</amount>
      <date>07/23/2019</date>
    </contribution>
    <contribution>
      <type>FECA</type>
      <contributorName>Self</contributorName>
      <payeeName>Steil for Wisconsin</payeeName>
      <recipientName>Rep. Bryan Steil </recipientName>
      <amount>250.00</amount>
      <date>07/23/2019</date>
    </contribution>
    <contribution>
      <type>FECA</type>
      <contributorName>Self</contributorName>
      <payeeName>Anthony Gonzalez for Congress</payeeName>
      <recipientName>Rep. Anthony Gonzalez</recipientName>
      <amount>250.00</amount>
      <date>07/24/2019</date>
    </contribution>
    <contribution>
      <type>FECA</type>
      <contributorName>Self</contributorName>
      <payeeName>Lance Gooden For Congress</payeeName>
      <recipientName>Rep. Lance Gooden</recipientName>
      <amount>250.00</amount>
      <date>07/24/2019</date>
    </contribution>
    <contribution>
      <type>FECA</type>
      <contributorName>Self</contributorName>
      <payeeName>John Rose for Tennessee</payeeName>
      <recipientName>Rep. John Rose </recipientName>
      <amount>250.00</amount>
      <date>07/24/2019</date>
    </contribution>
    <contribution>
      <type>FECA</type>
      <contributorName>Self</contributorName>
      <payeeName>STEVE PAC</payeeName>
      <recipientName>Rep. Steve Stivers </recipientName>
      <amount>500.00</amount>
      <date>08/11/2019</date>
    </contribution>
    <contribution>
      <type>FECA</type>
      <contributorName>Self</contributorName>
      <payeeName>Barr PAC</payeeName>
      <recipientName>Rep. Andy Barr </recipientName>
      <amount>100.00</amount>
      <date>07/24/19</date>
    </contribution>
    <contribution>
      <type>FECA</type>
      <contributorName>Self</contributorName>
      <payeeName>Team McHenry</payeeName>
      <recipientName>Rep. Patrick McHenry </recipientName>
      <amount>250.00</amount>
      <date>11/20/2019</date>
    </contribution>
  </contributions>
</CONTRIBUTIONDISCLOSURE>