<?xml version="1.0" encoding="utf-8"?>
<?xml-stylesheet type='text/xsl' href='../../rpt.xslt'?>
<CONTRIBUTIONDISCLOSURE>
  <filerType>L</filerType>
  <organizationName>International Union of Painters and Allied Trades</organizationName>
  <lobbyistPrefix>Mr.</lobbyistPrefix>
  <lobbyistFirstName>CHRISTOPHER</lobbyistFirstName>
  <lobbyistMiddleName>
  </lobbyistMiddleName>
  <lobbyistLastName>SLOAN</lobbyistLastName>
  <lobbyistSuffix>
  </lobbyistSuffix>
  <lobbyistID>chrslo098</lobbyistID>
  <address1>7234 Parkway Drive</address1>
  <address2>
  </address2>
  <city>Hanover</city>
  <state>MD</state>
  <zip>21076</zip>
  <zipext>
  </zipext>
  <country>USA</country>
  <contactPrefix>
  </contactPrefix>
  <contactName>
  </contactName>
  <contactPhone>4105645880</contactPhone>
  <contactEmail>csloan@iupat.org</contactEmail>
  <senateRegID>19833</senateRegID>
  <houseRegID>31994</houseRegID>
  <reportYear>2019</reportYear>
  <reportType>YY</reportType>
  <amendment>False</amendment>
  <comments>
  </comments>
  <signedDate>10/10/2019 1:07:58 PM</signedDate>
  <certifiedcontent>true</certifiedcontent>
  <noContributions>true</noContributions>
  <pacs>
  </pacs>
  <contributions>
  </contributions>
</CONTRIBUTIONDISCLOSURE>