<?xml version="1.0" encoding="utf-8"?>
<?xml-stylesheet type='text/xsl' href='../../rpt.xslt'?>
<CONTRIBUTIONDISCLOSURE>
  <filerType>L</filerType>
  <organizationName>Natural Gas Supply Association</organizationName>
  <lobbyistPrefix>Mrs.</lobbyistPrefix>
  <lobbyistFirstName>JENNIFER</lobbyistFirstName>
  <lobbyistMiddleName>BABER</lobbyistMiddleName>
  <lobbyistLastName>FORDHAM</lobbyistLastName>
  <lobbyistSuffix>
  </lobbyistSuffix>
  <zipext>
  </zipext>
  <contactPrefix>
  </contactPrefix>
  <contactName>
  </contactName>
  <senateRegID>28845</senateRegID>
  <houseRegID>31069</houseRegID>
  <reportYear>2019</reportYear>
  <reportType>YY</reportType>
  <amendment>False</amendment>
  <comments>
  </comments>
  <signedDate>12/5/2019 11:34:46 AM</signedDate>
  <certifiedcontent>true</certifiedcontent>
  <noContributions>true</noContributions>
  <pacs>
  </pacs>
  <contributions>
  </contributions>
</CONTRIBUTIONDISCLOSURE>