<?xml version="1.0" encoding="utf-8"?>
<?xml-stylesheet type='text/xsl' href='../../rpt.xslt'?>
<CONTRIBUTIONDISCLOSURE>
  <filerType>L</filerType>
  <organizationName>Capitol Hill Consulting Group</organizationName>
  <lobbyistPrefix>Ms.</lobbyistPrefix>
  <lobbyistFirstName>Emily</lobbyistFirstName>
  <lobbyistMiddleName>Elizabeth</lobbyistMiddleName>
  <lobbyistLastName>Wilkinson</lobbyistLastName>
  <lobbyistSuffix>
  </lobbyistSuffix>
  <zipext>
  </zipext>
  <contactPrefix>
  </contactPrefix>
  <contactName>
  </contactName>
  <senateRegID>72053</senateRegID>
  <houseRegID>35843</houseRegID>
  <reportYear>2019</reportYear>
  <reportType>YY</reportType>
  <amendment>False</amendment>
  <comments>
  </comments>
  <signedDate>12/10/2019 2:26:05 PM</signedDate>
  <certifiedcontent>true</certifiedcontent>
  <noContributions>false</noContributions>
  <pacs>
    <pac>
      <name>Jason Smith for Congress</name>
    </pac>
  </pacs>
  <contributions>
    <contribution>
      <type>FECA</type>
      <contributorName>Self</contributorName>
      <payeeName>Emily Wilkinson</payeeName>
      <recipientName>Congressman Jason Smith, Jason Smith for Congress</recipientName>
      <amount>250.00</amount>
      <date>09/30/2019</date>
    </contribution>
    <contribution>
      <type>FECA</type>
      <contributorName>Self</contributorName>
      <payeeName>Emily Wilkinson</payeeName>
      <recipientName>Amanda Makki, Candidate, Amanda Makki for Congress</recipientName>
      <amount>100.00</amount>
      <date>09/30/2019</date>
    </contribution>
  </contributions>
</CONTRIBUTIONDISCLOSURE>