<?xml version="1.0" encoding="utf-8"?>
<?xml-stylesheet type='text/xsl' href='../../rpt.xslt'?>
<CONTRIBUTIONDISCLOSURE>
  <filerType>L</filerType>
  <organizationName>CARPI &amp; CLAY, INC.</organizationName>
  <lobbyistPrefix>Mrs.</lobbyistPrefix>
  <lobbyistFirstName>JULIE</lobbyistFirstName>
  <lobbyistMiddleName>ADAIR</lobbyistMiddleName>
  <lobbyistLastName>MINERVA</lobbyistLastName>
  <lobbyistSuffix>
  </lobbyistSuffix>
  <contactPrefix>
  </contactPrefix>
  <contactName>
  </contactName>
  <senateRegID>35640</senateRegID>
  <houseRegID>32884</houseRegID>
  <reportYear>2019</reportYear>
  <reportType>YY</reportType>
  <amendment>False</amendment>
  <comments>
  </comments>
  <signedDate>12/31/2019 11:15:13 AM</signedDate>
  <certifiedcontent>true</certifiedcontent>
  <noContributions>false</noContributions>
  <pacs>
  </pacs>
  <contributions>
    <contribution>
      <type>FECA</type>
      <contributorName>Self</contributorName>
      <payeeName>Katie Porter for Congress</payeeName>
      <recipientName>Congresswoman Katie Porter</recipientName>
      <amount>125.00</amount>
      <date>12/23/2019</date>
    </contribution>
    <contribution>
      <type>FECA</type>
      <contributorName>Self</contributorName>
      <payeeName>Friends of Jahana Hayes</payeeName>
      <recipientName>Congresswoman Jahana Hayes</recipientName>
      <amount>125.00</amount>
      <date>12/23/2019</date>
    </contribution>
    <contribution>
      <type>FECA</type>
      <contributorName>Self</contributorName>
      <payeeName>Debbie for Congress</payeeName>
      <recipientName>Congresswoman Debbie Mucarsel-Powell</recipientName>
      <amount>125.00</amount>
      <date>12/23/2019</date>
    </contribution>
    <contribution>
      <type>FECA</type>
      <contributorName>Self</contributorName>
      <payeeName>Friends of Lucy McBath</payeeName>
      <recipientName>Congresswoman Lucy McBath</recipientName>
      <amount>125.00</amount>
      <date>12/23/2019</date>
    </contribution>
    <contribution>
      <type>FECA</type>
      <contributorName>Self</contributorName>
      <payeeName>Finkenauer for Congress</payeeName>
      <recipientName>Congresswoman Abby Finkenauer</recipientName>
      <amount>125.00</amount>
      <date>12/23/2019</date>
    </contribution>
    <contribution>
      <type>FECA</type>
      <contributorName>Self</contributorName>
      <payeeName>Cindy Axne for Congress</payeeName>
      <recipientName>Congresswoman Cindy Axne</recipientName>
      <amount>125.00</amount>
      <date>12/23/2019</date>
    </contribution>
    <contribution>
      <type>FECA</type>
      <contributorName>Self</contributorName>
      <payeeName>Lauren Underwood for Congress</payeeName>
      <recipientName>Congresswoman Lauren Underwood</recipientName>
      <amount>125.00</amount>
      <date>12/23/2019</date>
    </contribution>
    <contribution>
      <type>FECA</type>
      <contributorName>Self</contributorName>
      <payeeName>Sharice for Congress</payeeName>
      <recipientName>Congresswoman Sharice Davids</recipientName>
      <amount>125.00</amount>
      <date>12/23/2019</date>
    </contribution>
    <contribution>
      <type>FECA</type>
      <contributorName>Self</contributorName>
      <payeeName>Elissa Slotkin for Congress</payeeName>
      <recipientName>Congresswoman Elissa Slotkin</recipientName>
      <amount>125.00</amount>
      <date>12/23/2019</date>
    </contribution>
    <contribution>
      <type>FECA</type>
      <contributorName>Self</contributorName>
      <payeeName>Haley Stevens for Congress</payeeName>
      <recipientName>Congresswoman Haley Stevens</recipientName>
      <amount>125.00</amount>
      <date>12/23/2019</date>
    </contribution>
    <contribution>
      <type>FECA</type>
      <contributorName>Self</contributorName>
      <payeeName>Angie Craig for Congress</payeeName>
      <recipientName>Congresswoman Angie Craig</recipientName>
      <amount>125.00</amount>
      <date>12/23/2019</date>
    </contribution>
    <contribution>
      <type>FECA</type>
      <contributorName>Self</contributorName>
      <payeeName>Mikie Sherrill for Congress</payeeName>
      <recipientName>Congresswoman Mikie Sherrill </recipientName>
      <amount>125.00</amount>
      <date>12/23/2019</date>
    </contribution>
    <contribution>
      <type>FECA</type>
      <contributorName>Self</contributorName>
      <payeeName>Xochitl for New Mexico</payeeName>
      <recipientName>Congresswoman Xochitl Torres Small</recipientName>
      <amount>125.00</amount>
      <date>12/23/2019</date>
    </contribution>
    <contribution>
      <type>FECA</type>
      <contributorName>Self</contributorName>
      <payeeName>Susie Lee for Congress</payeeName>
      <recipientName>Congresswoman Susie Lee</recipientName>
      <amount>125.00</amount>
      <date>12/23/2019</date>
    </contribution>
    <contribution>
      <type>FECA</type>
      <contributorName>Self</contributorName>
      <payeeName>Kendra Horn for Congress</payeeName>
      <recipientName>Congresswoman Kendra Horn</recipientName>
      <amount>125.00</amount>
      <date>12/23/2019</date>
    </contribution>
    <contribution>
      <type>FECA</type>
      <contributorName>Self</contributorName>
      <payeeName>Susan Wild for Congress</payeeName>
      <recipientName>Congresswoman Susan Wild for Congress</recipientName>
      <amount>125.00</amount>
      <date>12/23/2019</date>
    </contribution>
    <contribution>
      <type>FECA</type>
      <contributorName>Self</contributorName>
      <payeeName>ELIZABETH PANNILL FLETCHER FOR CONGRESS</payeeName>
      <recipientName>Congresswoman Lizzie Fletcher</recipientName>
      <amount>125.00</amount>
      <date>12/23/2019</date>
    </contribution>
    <contribution>
      <type>FECA</type>
      <contributorName>Self</contributorName>
      <payeeName>Elaine for Congress</payeeName>
      <recipientName>Congresswoman Elaine Luria</recipientName>
      <amount>125.00</amount>
      <date>12/23/2019</date>
    </contribution>
    <contribution>
      <type>FECA</type>
      <contributorName>Self</contributorName>
      <payeeName>Spanberger for Congress</payeeName>
      <recipientName>Congresswoman Abigail Spanberger</recipientName>
      <amount>125.00</amount>
      <date>12/23/2019</date>
    </contribution>
    <contribution>
      <type>FECA</type>
      <contributorName>Self</contributorName>
      <payeeName>Dr. Kim Schrier for Congress</payeeName>
      <recipientName>Congresswoman Kim Schrier </recipientName>
      <amount>125.00</amount>
      <date>12/23/2019</date>
    </contribution>
  </contributions>
</CONTRIBUTIONDISCLOSURE>