<?xml version="1.0" encoding="utf-8"?>
<?xml-stylesheet type='text/xsl' href='../../rpt.xslt'?>
<CONTRIBUTIONDISCLOSURE>
  <filerType>L</filerType>
  <organizationName>The Michael Lewan Company</organizationName>
  <lobbyistPrefix>Mr.</lobbyistPrefix>
  <lobbyistFirstName>MICHAEL</lobbyistFirstName>
  <lobbyistMiddleName>
  </lobbyistMiddleName>
  <lobbyistLastName>LEWAN</lobbyistLastName>
  <lobbyistSuffix>
  </lobbyistSuffix>
  <zipext>
  </zipext>
  <contactPrefix>
  </contactPrefix>
  <contactName>
  </contactName>
  <senateRegID>22746</senateRegID>
  <houseRegID>33791</houseRegID>
  <reportYear>2019</reportYear>
  <reportType>YY</reportType>
  <amendment>False</amendment>
  <comments>I am a Board member of the National Association of Dental Plans PAC. The PAC will report all contributions separately.</comments>
  <signedDate>12/21/2019 9:16:42 AM</signedDate>
  <certifiedcontent>true</certifiedcontent>
  <noContributions>false</noContributions>
  <pacs>
  </pacs>
  <contributions>
    <contribution>
      <type>FECA</type>
      <contributorName>Self</contributorName>
      <payeeName>Lieberman for Senate</payeeName>
      <recipientName>Matthew Lieberman</recipientName>
      <amount>250.00</amount>
      <date>12/03/2019</date>
    </contribution>
    <contribution>
      <type>FECA</type>
      <contributorName>Self</contributorName>
      <payeeName>Blumenthal for Senate</payeeName>
      <recipientName>Senator Richard Blumenthal</recipientName>
      <amount>250.00</amount>
      <date>07/31/2019</date>
    </contribution>
  </contributions>
</CONTRIBUTIONDISCLOSURE>