<?xml version="1.0" encoding="utf-8"?>
<?xml-stylesheet type='text/xsl' href='../../rpt.xslt'?>
<CONTRIBUTIONDISCLOSURE>
  <filerType>O</filerType>
  <organizationName>Hormel Foods Corporation</organizationName>
  <lobbyistPrefix>
  </lobbyistPrefix>
  <lobbyistFirstName>
  </lobbyistFirstName>
  <lobbyistMiddleName>
  </lobbyistMiddleName>
  <lobbyistLastName>
  </lobbyistLastName>
  <lobbyistSuffix>
  </lobbyistSuffix>
  <lobbyistID>
  </lobbyistID>
  <address2>
  </address2>
  <zipext>
  </zipext>
  <contactName> JEFF GREV</contactName>
  <senateRegID>40006037</senateRegID>
  <houseRegID>39777</houseRegID>
  <reportYear>2019</reportYear>
  <reportType>YY</reportType>
  <amendment>False</amendment>
  <comments>
  </comments>
  <signedDate>12/26/2019 11:01:34 AM</signedDate>
  <certifiedcontent>true</certifiedcontent>
  <noContributions>false</noContributions>
  <pacs>
    <pac>
      <name>NAMI PAC</name>
    </pac>
    <pac>
      <name>GMA PAC</name>
    </pac>
  </pacs>
  <contributions>
    <contribution>
      <type>FECA</type>
      <contributorName>Self</contributorName>
      <payeeName>NAMI PAC</payeeName>
      <recipientName>North American Meat Institute</recipientName>
      <amount>5000.00</amount>
      <date>10/01/2019</date>
    </contribution>
    <contribution>
      <type>FECA</type>
      <contributorName>Self</contributorName>
      <payeeName>GMA PAC</payeeName>
      <recipientName>Grocery Manufacturers Association</recipientName>
      <amount>5000.00</amount>
      <date>10/01/2019</date>
    </contribution>
  </contributions>
</CONTRIBUTIONDISCLOSURE>