<?xml version="1.0" encoding="utf-8"?>
<?xml-stylesheet type='text/xsl' href='../../rpt.xslt'?>
<CONTRIBUTIONDISCLOSURE>
  <filerType>L</filerType>
  <organizationName>Chamber Hill Strategies</organizationName>
  <lobbyistPrefix>Ms.</lobbyistPrefix>
  <lobbyistFirstName>Melissa</lobbyistFirstName>
  <lobbyistMiddleName>
  </lobbyistMiddleName>
  <lobbyistLastName>Bartlett</lobbyistLastName>
  <lobbyistSuffix>
  </lobbyistSuffix>
  <zipext>
  </zipext>
  <contactPrefix>
  </contactPrefix>
  <contactName>
  </contactName>
  <senateRegID>400645947</senateRegID>
  <houseRegID>41409</houseRegID>
  <reportYear>2019</reportYear>
  <reportType>YY</reportType>
  <amendment>False</amendment>
  <comments>
  </comments>
  <signedDate>12/13/2019 2:51:35 PM</signedDate>
  <certifiedcontent>true</certifiedcontent>
  <noContributions>false</noContributions>
  <pacs>
  </pacs>
  <contributions>
    <contribution>
      <type>FECA</type>
      <contributorName>Self</contributorName>
      <payeeName>National Republican Senatorial Committee</payeeName>
      <recipientName>National Republican Senatorial Committee</recipientName>
      <amount>1875.00</amount>
      <date>07/14/2019</date>
    </contribution>
    <contribution>
      <type>FECA</type>
      <contributorName>Self</contributorName>
      <payeeName>National Republican Senatorial Committee</payeeName>
      <recipientName>National Republican Senatorial Committee</recipientName>
      <amount>1875.00</amount>
      <date>10/11/2019</date>
    </contribution>
    <contribution>
      <type>FECA</type>
      <contributorName>Self</contributorName>
      <payeeName>Walden for Congress</payeeName>
      <recipientName>Rep. Greg Walden</recipientName>
      <amount>1000.00</amount>
      <date>07/11/2019</date>
    </contribution>
    <contribution>
      <type>FECA</type>
      <contributorName>Self</contributorName>
      <payeeName>Katko for Congress</payeeName>
      <recipientName>Congressman John Katko</recipientName>
      <amount>2000.00</amount>
      <date>09/27/2019</date>
    </contribution>
    <contribution>
      <type>FECA</type>
      <contributorName>Self</contributorName>
      <payeeName>Rodney for Congress</payeeName>
      <recipientName>Congressman Rodney Davis</recipientName>
      <amount>250.00</amount>
      <date>12/10/2019</date>
    </contribution>
    <contribution>
      <type>FECA</type>
      <contributorName>Self</contributorName>
      <payeeName>Collins for Senator</payeeName>
      <recipientName>Senator Susan Collins</recipientName>
      <amount>500.00</amount>
      <date>12/09/2019</date>
    </contribution>
    <contribution>
      <type>FECA</type>
      <contributorName>Self</contributorName>
      <payeeName>Project West PAC</payeeName>
      <recipientName>Senator Cory Gardner</recipientName>
      <amount>2000.00</amount>
      <date>07/15/2019</date>
    </contribution>
    <contribution>
      <type>FECA</type>
      <contributorName>Self</contributorName>
      <payeeName>Amanda Makki for Congress</payeeName>
      <recipientName>Amanda Makki</recipientName>
      <amount>800.00</amount>
      <date>07/24/2019</date>
    </contribution>
    <contribution>
      <type>FECA</type>
      <contributorName>Self</contributorName>
      <payeeName>Amanda Makki for Congress</payeeName>
      <recipientName>Amanda Makki</recipientName>
      <amount>1000.00</amount>
      <date>09/29/2019</date>
    </contribution>
  </contributions>
</CONTRIBUTIONDISCLOSURE>