<?xml version="1.0" encoding="utf-8"?>
<?xml-stylesheet type='text/xsl' href='../../rpt.xslt'?>
<CONTRIBUTIONDISCLOSURE>
  <filerType>L</filerType>
  <organizationName>NATIONAL ASSOCIATION OF AGRICULTURAL EDUCATORS</organizationName>
  <lobbyistPrefix>Mr.</lobbyistPrefix>
  <lobbyistFirstName>WILLIAM</lobbyistFirstName>
  <lobbyistMiddleName>JAY</lobbyistMiddleName>
  <lobbyistLastName>JACKMAN</lobbyistLastName>
  <lobbyistSuffix>
  </lobbyistSuffix>
  <contactPrefix>
  </contactPrefix>
  <contactName>
  </contactName>
  <senateRegID>87778</senateRegID>
  <houseRegID>36628</houseRegID>
  <reportYear>2019</reportYear>
  <reportType>YY</reportType>
  <amendment>False</amendment>
  <comments>
  </comments>
  <signedDate>12/11/2019 3:29:26 PM</signedDate>
  <certifiedcontent>true</certifiedcontent>
  <noContributions>true</noContributions>
  <pacs>
  </pacs>
  <contributions>
  </contributions>
</CONTRIBUTIONDISCLOSURE>