<?xml version="1.0" encoding="utf-8"?>
<?xml-stylesheet type='text/xsl' href='../../rpt.xslt'?>
<CONTRIBUTIONDISCLOSURE>
  <filerType>L</filerType>
  <organizationName>Duane Morris LLP</organizationName>
  <lobbyistPrefix>Ms.</lobbyistPrefix>
  <lobbyistFirstName>KATHERINE</lobbyistFirstName>
  <lobbyistMiddleName>
  </lobbyistMiddleName>
  <lobbyistLastName>BRODIE</lobbyistLastName>
  <lobbyistSuffix>
  </lobbyistSuffix>
  <address2>
  </address2>
  <zipext>
  </zipext>
  <contactPrefix>
  </contactPrefix>
  <contactName>
  </contactName>
  <senateRegID>12664</senateRegID>
  <houseRegID>37996</houseRegID>
  <reportYear>2019</reportYear>
  <reportType>YY</reportType>
  <amendment>False</amendment>
  <comments>
  </comments>
  <signedDate>12/31/2019 10:20:09 AM</signedDate>
  <certifiedcontent>true</certifiedcontent>
  <noContributions>true</noContributions>
  <pacs>
  </pacs>
  <contributions>
  </contributions>
</CONTRIBUTIONDISCLOSURE>