<?xml version="1.0" encoding="utf-8"?>
<?xml-stylesheet type='text/xsl' href='../../rpt.xslt'?>
<CONTRIBUTIONDISCLOSURE>
  <filerType>O</filerType>
  <organizationName>TECO ENERGY, INC.</organizationName>
  <lobbyistPrefix>
  </lobbyistPrefix>
  <lobbyistFirstName>
  </lobbyistFirstName>
  <lobbyistMiddleName>
  </lobbyistMiddleName>
  <lobbyistLastName>
  </lobbyistLastName>
  <lobbyistSuffix>
  </lobbyistSuffix>
  <lobbyistID>
  </lobbyistID>
  <zipext>
  </zipext>
  <contactName>David M. Nicholson</contactName>
  <senateRegID>37675</senateRegID>
  <houseRegID>30136</houseRegID>
  <reportYear>2019</reportYear>
  <reportType>YY</reportType>
  <amendment>False</amendment>
  <comments>
  </comments>
  <signedDate>12/6/2019 3:17:19 PM</signedDate>
  <certifiedcontent>true</certifiedcontent>
  <noContributions>false</noContributions>
  <pacs>
    <pac>
      <name>TECO Employees PAC</name>
    </pac>
  </pacs>
  <contributions>
    <contribution>
      <type>FECA</type>
      <contributorName>TECO Employees PAC</contributorName>
      <payeeName>Rutherford for Congress</payeeName>
      <recipientName>Rep. John Rutherford</recipientName>
      <amount>2500.00</amount>
      <date>07/01/2019</date>
    </contribution>
    <contribution>
      <type>FECA</type>
      <contributorName>TECO Employees PAC</contributorName>
      <payeeName>Wicker for Senate</payeeName>
      <recipientName>Sen. Roger Wicker</recipientName>
      <amount>2500.00</amount>
      <date>07/10/2019</date>
    </contribution>
    <contribution>
      <type>FECA</type>
      <contributorName>TECO Employees PAC</contributorName>
      <payeeName>Deb Fischer for U.S. Senate, Inc.</payeeName>
      <recipientName>Sen. Deb Fischer</recipientName>
      <amount>1000.00</amount>
      <date>07/15/2019</date>
    </contribution>
    <contribution>
      <type>FECA</type>
      <contributorName>TECO Employees PAC</contributorName>
      <payeeName>Vern Buchanan for Congress</payeeName>
      <recipientName>Rep. Vern Buchanan</recipientName>
      <amount>2500.00</amount>
      <date>9/23/19</date>
    </contribution>
    <contribution>
      <type>FECA</type>
      <contributorName>TECO Employees PAC</contributorName>
      <payeeName>Team Rick Scott</payeeName>
      <recipientName>Sen. Rick Scott</recipientName>
      <amount>1000.00</amount>
      <date>11/26/19</date>
    </contribution>
    <contribution>
      <type>FECA</type>
      <contributorName>TECO Employees PAC</contributorName>
      <payeeName>Reclaim America PAC</payeeName>
      <recipientName>Sen. Marco Rubio</recipientName>
      <amount>2000.00</amount>
      <date>11/19/19</date>
    </contribution>
    <contribution>
      <type>FECA</type>
      <contributorName>TECO Employees PAC</contributorName>
      <payeeName>Charlie Crist for Congress</payeeName>
      <recipientName>Rep. Charlie Crist</recipientName>
      <amount>2500.00</amount>
      <date>12/5/19</date>
    </contribution>
  </contributions>
</CONTRIBUTIONDISCLOSURE>