<?xml version="1.0" encoding="utf-8"?>
<?xml-stylesheet type='text/xsl' href='../../rpt.xslt'?>
<CONTRIBUTIONDISCLOSURE>
  <filerType>L</filerType>
  <organizationName>BETTER WORLD FUND</organizationName>
  <lobbyistPrefix>Mr.</lobbyistPrefix>
  <lobbyistFirstName>Michael</lobbyistFirstName>
  <lobbyistMiddleName>Joseph</lobbyistMiddleName>
  <lobbyistLastName>Beard</lobbyistLastName>
  <lobbyistSuffix>
  </lobbyistSuffix>
  <zipext>
  </zipext>
  <contactPrefix>
  </contactPrefix>
  <contactName>
  </contactName>
  <senateRegID>55234</senateRegID>
  <houseRegID>35120</houseRegID>
  <reportYear>2019</reportYear>
  <reportType>YY</reportType>
  <amendment>False</amendment>
  <comments>
  </comments>
  <signedDate>9/26/2019 10:03:21 AM</signedDate>
  <certifiedcontent>true</certifiedcontent>
  <noContributions>false</noContributions>
  <pacs>
  </pacs>
  <contributions>
    <contribution>
      <type>FECA</type>
      <contributorName>Self</contributorName>
      <payeeName>Michael Beard</payeeName>
      <recipientName>Jeanne Shaheen</recipientName>
      <amount>500.00</amount>
      <date>9/5/2019</date>
    </contribution>
  </contributions>
</CONTRIBUTIONDISCLOSURE>