<?xml version="1.0" encoding="utf-8"?>
<?xml-stylesheet type='text/xsl' href='../../rpt.xslt'?>
<CONTRIBUTIONDISCLOSURE>
  <filerType>L</filerType>
  <organizationName>AMERICAN ASSOCIATION OF NEUROLOGICAL SURGEONS</organizationName>
  <lobbyistPrefix>Mr.</lobbyistPrefix>
  <lobbyistFirstName>KATHERINE</lobbyistFirstName>
  <lobbyistMiddleName>O</lobbyistMiddleName>
  <lobbyistLastName>ORRICO</lobbyistLastName>
  <lobbyistSuffix>
  </lobbyistSuffix>
  <zipext>
  </zipext>
  <contactPrefix>
  </contactPrefix>
  <contactName>
  </contactName>
  <senateRegID>1648</senateRegID>
  <houseRegID>33871</houseRegID>
  <reportYear>2019</reportYear>
  <reportType>YY</reportType>
  <amendment>False</amendment>
  <comments>
  </comments>
  <signedDate>12/30/2019 6:28:27 PM</signedDate>
  <certifiedcontent>true</certifiedcontent>
  <noContributions>true</noContributions>
  <pacs>
    <pac>
      <name>American Association of Neurological Surgeons PAC</name>
    </pac>
  </pacs>
  <contributions>
  </contributions>
</CONTRIBUTIONDISCLOSURE>