<?xml version="1.0" encoding="utf-8"?>
<?xml-stylesheet type='text/xsl' href='../../rpt.xslt'?>
<CONTRIBUTIONDISCLOSURE>
  <filerType>O</filerType>
  <organizationName>Mr. Gary Elmestad</organizationName>
  <lobbyistPrefix>
  </lobbyistPrefix>
  <lobbyistFirstName>
  </lobbyistFirstName>
  <lobbyistMiddleName>
  </lobbyistMiddleName>
  <lobbyistLastName>
  </lobbyistLastName>
  <lobbyistSuffix>
  </lobbyistSuffix>
  <lobbyistID>
  </lobbyistID>
  <address2>
  </address2>
  <zipext>
  </zipext>
  <contactName>MR. GARY ELMESTAD</contactName>
  <senateRegID>13448</senateRegID>
  <houseRegID>32761</houseRegID>
  <reportYear>2019</reportYear>
  <reportType>YY</reportType>
  <amendment>False</amendment>
  <comments>
  </comments>
  <signedDate>1/1/2020 2:58:55 PM</signedDate>
  <certifiedcontent>true</certifiedcontent>
  <noContributions>false</noContributions>
  <pacs>
  </pacs>
  <contributions>
    <contribution>
      <type>Honorary Expenses</type>
      <contributorName>Self</contributorName>
      <payeeName>Gary Elmestad </payeeName>
      <recipientName>Congressman Blaine Luetkemeyer</recipientName>
      <amount>250.00</amount>
      <date>11/07/2019</date>
    </contribution>
  </contributions>
</CONTRIBUTIONDISCLOSURE>