<?xml version="1.0" encoding="utf-8"?>
<?xml-stylesheet type='text/xsl' href='../../rpt.xslt'?>
<CONTRIBUTIONDISCLOSURE>
  <filerType>L</filerType>
  <organizationName>FIRSTENERGY CORP</organizationName>
  <lobbyistPrefix>Mr.</lobbyistPrefix>
  <lobbyistFirstName>S.</lobbyistFirstName>
  <lobbyistMiddleName>COLIN</lobbyistMiddleName>
  <lobbyistLastName>MOUNT</lobbyistLastName>
  <lobbyistSuffix>
  </lobbyistSuffix>
  <zipext>
  </zipext>
  <contactPrefix>
  </contactPrefix>
  <contactName>
  </contactName>
  <senateRegID>43764</senateRegID>
  <houseRegID>31229</houseRegID>
  <reportYear>2019</reportYear>
  <reportType>YY</reportType>
  <amendment>False</amendment>
  <comments>
  </comments>
  <signedDate>12/17/2019 9:35:51 AM</signedDate>
  <certifiedcontent>true</certifiedcontent>
  <noContributions>true</noContributions>
  <pacs>
  </pacs>
  <contributions>
  </contributions>
</CONTRIBUTIONDISCLOSURE>