<?xml version="1.0" encoding="utf-8"?>
<?xml-stylesheet type='text/xsl' href='../../rpt.xslt'?>
<CONTRIBUTIONDISCLOSURE>
  <filerType>L</filerType>
  <organizationName>UPS (UNITED PARCEL SERVICE)</organizationName>
  <lobbyistPrefix>Mr.</lobbyistPrefix>
  <lobbyistFirstName>MARCEL</lobbyistFirstName>
  <lobbyistMiddleName>J</lobbyistMiddleName>
  <lobbyistLastName>DUBOIS</lobbyistLastName>
  <lobbyistSuffix>
  </lobbyistSuffix>
  <address2>
  </address2>
  <zipext>
  </zipext>
  <contactPrefix>
  </contactPrefix>
  <contactName>
  </contactName>
  <senateRegID>39223</senateRegID>
  <houseRegID>30712</houseRegID>
  <reportYear>2019</reportYear>
  <reportType>YY</reportType>
  <amendment>False</amendment>
  <comments>
  </comments>
  <signedDate>12/10/2019 8:31:45 AM</signedDate>
  <certifiedcontent>true</certifiedcontent>
  <noContributions>false</noContributions>
  <pacs>
  </pacs>
  <contributions>
    <contribution>
      <type>FECA</type>
      <contributorName>Self</contributorName>
      <payeeName>Valadao For Congress</payeeName>
      <recipientName>David Valadao</recipientName>
      <amount>500.00</amount>
      <date>09/10/2019</date>
    </contribution>
    <contribution>
      <type>FECA</type>
      <contributorName>Self</contributorName>
      <payeeName>HERN PAC</payeeName>
      <recipientName>Kevin Hern</recipientName>
      <amount>10.00</amount>
      <date>11/12/2019</date>
    </contribution>
    <contribution>
      <type>FECA</type>
      <contributorName>Self</contributorName>
      <payeeName>Laker PAC</payeeName>
      <recipientName>Pete Stauber</recipientName>
      <amount>10.00</amount>
      <date>11/12/2019</date>
    </contribution>
    <contribution>
      <type>FECA</type>
      <contributorName>Self</contributorName>
      <payeeName>Elise for Congress</payeeName>
      <recipientName>Elise Stefanik</recipientName>
      <amount>250.00</amount>
      <date>12/10/2019</date>
    </contribution>
    <contribution>
      <type>FECA</type>
      <contributorName>Self</contributorName>
      <payeeName>McCarthy Victory Fund</payeeName>
      <recipientName>Kevin McCarthy</recipientName>
      <amount>5000.00</amount>
      <date>12/10/2019</date>
    </contribution>
  </contributions>
</CONTRIBUTIONDISCLOSURE>