<?xml version="1.0" encoding="utf-8"?>
<?xml-stylesheet type='text/xsl' href='../../rpt.xslt'?>
<CONTRIBUTIONDISCLOSURE>
  <filerType>L</filerType>
  <organizationName>Johnston Strategies, LLC</organizationName>
  <lobbyistPrefix>Mr.</lobbyistPrefix>
  <lobbyistFirstName>HUGH</lobbyistFirstName>
  <lobbyistMiddleName>N.</lobbyistMiddleName>
  <lobbyistLastName>JOHNSTON</lobbyistLastName>
  <lobbyistSuffix>JR</lobbyistSuffix>
  <address2>
  </address2>
  <zipext>
  </zipext>
  <contactPrefix>
  </contactPrefix>
  <contactName>
  </contactName>
  <senateRegID>400505487</senateRegID>
  <houseRegID>41070</houseRegID>
  <reportYear>2019</reportYear>
  <reportType>YY</reportType>
  <amendment>False</amendment>
  <comments>I have terminated my status as an active lobbyist and have filed the termination report LD-2.I have also filed a contributions report for my company, Johnston Strategies,LLC indicating that I have not and will not make any further contributions.</comments>
  <signedDate>10/7/2019 12:24:31 PM</signedDate>
  <certifiedcontent>true</certifiedcontent>
  <noContributions>true</noContributions>
  <pacs>
  </pacs>
  <contributions>
  </contributions>
</CONTRIBUTIONDISCLOSURE>