<?xml version="1.0" encoding="utf-8"?>
<?xml-stylesheet type='text/xsl' href='../../rpt.xslt'?>
<CONTRIBUTIONDISCLOSURE>
  <filerType>L</filerType>
  <organizationName>CTIA-The Wireless Association</organizationName>
  <lobbyistPrefix>Mrs.</lobbyistPrefix>
  <lobbyistFirstName>Jaime</lobbyistFirstName>
  <lobbyistMiddleName>L</lobbyistMiddleName>
  <lobbyistLastName>Hjort</lobbyistLastName>
  <lobbyistSuffix>
  </lobbyistSuffix>
  <zipext>
  </zipext>
  <contactPrefix>
  </contactPrefix>
  <contactName>
  </contactName>
  <senateRegID>8577</senateRegID>
  <houseRegID>31885</houseRegID>
  <reportYear>2019</reportYear>
  <reportType>YY</reportType>
  <amendment>False</amendment>
  <comments>
  </comments>
  <signedDate>12/18/2019 12:01:39 PM</signedDate>
  <certifiedcontent>true</certifiedcontent>
  <noContributions>false</noContributions>
  <pacs>
  </pacs>
  <contributions>
    <contribution>
      <type>FECA</type>
      <contributorName>Self</contributorName>
      <payeeName>Cory Gardner for Senate</payeeName>
      <recipientName>Sen. Cory Gardner </recipientName>
      <amount>250.00</amount>
      <date>12/18/2019</date>
    </contribution>
  </contributions>
</CONTRIBUTIONDISCLOSURE>